1,80018,"Abrera",NULL,19.9661,11,8,NULL,201801011500,10244,105,"Baix Llobregat"
2,80023,"Aguilar de Segarra","43.2198",43.2198,7,8,20160727,201707262100,250,480,"Bages"
3,80039,"Alella",NULL,9.6199,21,8,NULL,201707262100,9013,90,"Maresme"
4,80044,"Alpens","13.7788",13.7788,24,8,20171213,201801011500,307,855,"Osona"
5,80057,"l'Ametlla del Vallès",NULL,14.0251,41,8,NULL,201707262100,7517,281,"Vallès Oriental"
6,80060,"Arenys de Mar",NULL,6.4728,21,8,NULL,201707262100,14016,10,"Maresme"
7,80076,"Arenys de Munt",NULL,21.6813,21,8,NULL,201707262100,7721,121,"Maresme"
8,80082,"Argençola",NULL,47.3823,6,8,NULL,201707262100,209,716,"Anoia"
9,80095,"Argentona",NULL,25.3179,21,8,NULL,201707262100,11161,88,"Maresme"
10,80109,"Artés",NULL,63.5617,7,8,NULL,201707262100,5072,316,"Bages"
11,80116,"Avià","27.1686",29.1471,14,8,20170426,201707262100,2058,677,"Berguedà"
12,80121,"Avinyó","63.5617",7.9335,7,8,20170726,201707262100,2122,353,"Bages"
13,80137,"Avinyonet del Penedès",NULL,21.0989,3,8,NULL,201707262100,1591,280,"Alt Penedès"
14,80142,"Aiguafreda","7.9335",43.0291,41,8,20150429,201707262100,2373,404,"Vallès Oriental"
15,80155,"Badalona",NULL,17.2358,13,8,NULL,201707262100,221520,6,"Barcelonès"
16,80168,"Bagà",NULL,36.6785,14,8,NULL,201707262100,2178,785,"Berguedà"
17,80174,"Balenyà","17.2358",101.7208,24,8,20160505,201707262100,3479,587,"Osona"
18,80180,"Balsareny",NULL,50.4306,7,8,NULL,201707262100,3310,327,"Bages"
19,80193,"Barcelona",NULL,18.0733,13,8,NULL,201707262100,1605602,9,"Barcelonès"
20,80207,"Begues",NULL,27.1686,11,8,NULL,201801011500,5699,399,"Baix Llobregat"
21,80214,"Bellprat",NULL,31.1637,6,8,NULL,201801011500,99,653,"Anoia"
22,80229,"Berga","22.3751",22.3751,14,8,20170426,201707262100,16457,704,"Berguedà"
23,80235,"Bigues i Riells",NULL,28.6665,41,8,NULL,201707262100,7564,307,"Vallès Oriental"
24,80240,"Borredà","43.3751",43.3751,14,8,20160727,201707262100,530,854,"Berguedà"
25,80253,"el Bruc",NULL,47.3828,6,8,NULL,201707262100,1655,489,"Anoia"
26,80266,"el Brull","41.1557",41.1557,24,8,20141022,201707262100,219,843,"Osona"
27,80272,"les Cabanyes",NULL,1.1504,3,8,NULL,201707262100,791,252,"Alt Penedès"
28,80288,"Cabrera d'Anoia","17.0827",17.0827,6,8,20130529,201707262100,1059,299,"Anoia"
29,80291,"Cabrera de Mar",NULL,8.9359,21,8,NULL,201707262100,4174,104,"Maresme"
30,80305,"Cabrils",NULL,6.963,21,8,NULL,201707262100,6536,147,"Maresme"
31,80312,"Calaf",NULL,9.2446,6,8,NULL,201707262100,3352,680,"Anoia"
32,80327,"Caldes d'Estrac",NULL,33.9376,21,8,NULL,201707262100,2607,33,"Maresme"
33,80333,"Caldes de Montbui",NULL,13.0245,41,8,NULL,201707262100,15941,203,"Vallès Oriental"
34,80348,"Calders","32.9913",24.5985,42,8,20160727,201707262100,833,552,"Moianès"
35,80351,"Calella",NULL,46.885,21,8,NULL,201801011500,17673,5,"Maresme"
36,80364,"Calonge de Segarra","37.1128",59.3555,6,8,20141022,201707262100,205,643,"Anoia"
37,80370,"Calldetenes","5.7153",26.2786,24,8,20160505,201707262100,2214,489,"Osona"
38,80386,"Callús","12.3870",17.1557,7,8,20160505,201707262100,1577,260,"Bages"
39,80399,"Campins",NULL,29.121,41,8,NULL,201707262100,363,321,"Vallès Oriental"
40,80403,"Canet de Mar",NULL,25.34,21,8,NULL,201707262100,12766,15,"Maresme"
41,80410,"Canovelles",NULL,31.9423,41,8,NULL,201707262100,15012,175,"Vallès Oriental"
42,80425,"Cànoves i Samalús",NULL,28.6828,41,8,NULL,201801011500,2490,346,"Vallès Oriental"
43,80431,"Canyelles",NULL,16.392,17,8,NULL,201707262100,3440,142,"Garraf"
44,80446,"Capellades","2.92",15.3398,6,8,20101215,201707262100,5383,317,"Anoia"
45,80459,"Capolat",NULL,24.0858,14,8,NULL,201801011500,72,1279,"Berguedà"
46,80462,"Cardedeu",NULL,18.06,41,8,NULL,201707262100,15561,193,"Vallès Oriental"
47,80478,"Cardona","66.3923",15.1276,7,8,20160505,201707262100,5226,507,"Bages"
48,80484,"Carme","11.3250",18.69,6,8,20160505,201707262100,752,351,"Anoia"
49,80497,"Casserres",NULL,18.3358,14,8,NULL,201707262100,1586,611,"Berguedà"
50,80500,"Castellar del Riu",NULL,17.3607,14,8,NULL,201801011500,148,920,"Berguedà"
51,80517,"Castellar del Vallès","45.0705",90.57,40,8,20170426,201707262100,21335,331,"Vallès Occidental"
52,80522,"Castellar de n'Hug","46.8524",93.62,14,8,20170726,201707262100,198,1395,"Berguedà"
53,80538,"Castellbell i el Vilar","28.4659",52.9031,7,8,20170726,201707262100,3369,178,"Bages"
54,80543,"Castellbisbal","30.96",8.0426,40,8,20111214,201707262100,11272,132,"Vallès Occidental"
55,80556,"Castellcir","33.9376",99.2602,42,8,20171213,201801011500,575,773,"Moianès"
56,80569,"Castelldefels",NULL,0.8469,11,8,NULL,201707262100,58663,3,"Baix Llobregat"
57,80575,"Castell de l'Areny","24.5985",37.5127,14,8,20170726,201707262100,68,954,"Berguedà"
58,80581,"Castellet i la Gornal",NULL,32.9913,3,8,NULL,201707262100,1919,137,"Alt Penedès"
59,80594,"Castellfollit del Boix","59.3555",8.0108,7,8,20160505,201707262100,407,700,"Bages"
60,80608,"Castellfollit de Riubregós","26.2786",37.1128,6,8,20141022,201707262100,201,467,"Anoia"
61,80615,"Castellgalí",NULL,28.1336,7,8,NULL,201707262100,1436,266,"Bages"
62,80620,"Castellnou de Bages","29.1210",33.994,7,8,20160505,201707262100,837,469,"Bages"
63,80636,"Castellolí","25.34",5.7153,6,8,20101117,201707262100,460,415,"Anoia"
64,80641,"Castellterçol","31.9423",12.387,42,8,20171213,201801011500,2202,726,"Moianès"
65,80654,"Castellví de la Marca",NULL,0.9194,3,8,NULL,201707262100,1603,198,"Alt Penedès"
66,80667,"Castellví de Rosanes",NULL,21.271,11,8,NULL,201801011500,1505,178,"Baix Llobregat"
67,80673,"Centelles","15.3398",7.3028,24,8,20150429,201707262100,6671,496,"Osona"
68,80689,"Cervelló",NULL,5.5368,11,8,NULL,201707262100,7674,122,"Baix Llobregat"
69,80692,"Collbató","18.06",6.8042,11,8,20111214,201707262100,3576,388,"Baix Llobregat"
70,80706,"Collsuspina","15.1276",35.2443,42,8,20160505,201707262100,316,901,"Moianès"
71,80713,"Copons","18.69",29.1378,6,8,20111214,201707262100,289,432,"Anoia"
72,80728,"Corbera de Llobregat",NULL,8.1521,11,8,NULL,201801011500,12805,342,"Baix Llobregat"
73,80734,"Cornellà de Llobregat",NULL,14.0848,11,8,NULL,201707262100,84289,27,"Baix Llobregat"
74,80749,"Cubelles",NULL,25.9971,17,8,NULL,201707262100,11835,12,"Garraf"
75,80752,"Dosrius",NULL,18.9478,21,8,NULL,201707262100,4469,147,"Maresme"
76,80765,"Esparreguera","27.3013",30.6645,11,8,20160505,201707262100,21145,187,"Baix Llobregat"
77,80771,"Esplugues de Llobregat",NULL,13.3455,11,8,NULL,201707262100,46808,110,"Baix Llobregat"
78,80787,"l'Espunyola",NULL,14.0536,14,8,NULL,201801011500,272,803,"Berguedà"
79,80790,"l'Estany","10.2438",19.0706,42,8,20160505,201707262100,383,870,"Moianès"
80,80804,"Fígols","29.3929",30.6571,14,8,20170726,201707262100,42,1154,"Berguedà"
81,80811,"Fogars de Montclús",NULL,39.3429,41,8,NULL,201707262100,437,386,"Vallès Oriental"
82,80826,"Fogars de la Selva",NULL,2.92,34,8,NULL,201707262100,1338,45,"Selva"
83,80832,"Folgueroles",NULL,34.3476,24,8,NULL,201707262100,1983,552,"Osona"
84,80847,"Fonollosa","52.4796",26.7152,7,8,20170726,201707262100,1280,525,"Bages"
85,80850,"Font-rubí",NULL,84.5765,3,8,NULL,201707262100,1394,319,"Alt Penedès"
86,80863,"les Franqueses del Vallès",NULL,12.279,41,8,NULL,201801011500,15817,181,"Vallès Oriental"
87,80879,"Gallifa",NULL,66.3923,40,8,NULL,201801011500,216,502,"Vallès Occidental"
88,80885,"la Garriga",NULL,11.325,41,8,NULL,201801011500,13942,252,"Vallès Oriental"
89,80898,"Gavà",NULL,29.1709,11,8,NULL,201707262100,44531,9,"Baix Llobregat"
90,80902,"Gaià","39.3429",32.8594,7,8,20170726,201707262100,154,481,"Bages"
91,80919,"Gelida",NULL,45.0705,3,8,NULL,201707262100,5976,196,"Alt Penedès"
92,80924,"Gironella",NULL,46.8524,14,8,NULL,201707262100,4786,469,"Berguedà"
93,80930,"Gisclareny",NULL,28.4659,14,8,NULL,201707262100,33,1340,"Berguedà"
94,80945,"la Granada",NULL,30.96,3,8,NULL,201707262100,1754,272,"Alt Penedès"
95,80958,"Granera",NULL,6.9871,42,8,NULL,201801011500,75,782,"Moianès"
96,80961,"Granollers",NULL,13.5442,41,8,NULL,201707262100,58940,145,"Vallès Oriental"
97,80977,"Gualba",NULL,40.6325,41,8,NULL,201707262100,1048,177,"Vallès Oriental"
98,80983,"Sant Salvador de Guardiola","37.0937",27.3013,7,8,20160505,201707262100,2863,334,"Bages"
99,80996,"Guardiola de Berguedà",NULL,6.8654,14,8,NULL,201707262100,931,720,"Berguedà"
100,81000,"Gurb",NULL,36.6804,24,8,NULL,201707262100,2296,516,"Osona"
101,81017,"l'Hospitalet de Llobregat",NULL,6.4531,13,8,NULL,201707262100,248150,8,"Barcelonès"
102,81022,"Igualada","8.1999",23.7058,6,8,20150128,201707262100,36817,313,"Anoia"
103,81038,"Jorba","31.0492",4.4987,6,8,20150128,201707262100,714,380,"Anoia"
104,81043,"la Llacuna",NULL,35.684,6,8,NULL,201707262100,860,615,"Anoia"
105,81056,"la Llagosta",NULL,10.2438,41,8,NULL,201707262100,13674,45,"Vallès Oriental"
106,81069,"Llinars del Vallès",NULL,29.3929,41,8,NULL,201707262100,8425,198,"Vallès Oriental"
107,81075,"Lliçà d'Amunt",NULL,40.164,41,8,NULL,201707262100,12938,145,"Vallès Oriental"
108,81081,"Lliçà de Vall",NULL,32.171,41,8,NULL,201707262100,6033,125,"Vallès Oriental"
109,81094,"Lluçà",NULL,17.2339,24,8,NULL,201801011500,253,745,"Osona"
110,81108,"Malgrat de Mar",NULL,41.6388,21,8,NULL,201801011500,17531,4,"Maresme"
111,81115,"Malla",NULL,12.7667,24,8,NULL,201707262100,257,580,"Osona"
112,81120,"Manlleu",NULL,10.9463,24,8,NULL,201707262100,19979,461,"Osona"
113,81136,"Manresa","41.6388",52.4796,7,8,20170726,201707262100,71772,238,"Bages"
114,81141,"Martorell",NULL,37.134,11,8,NULL,201801011500,26170,56,"Baix Llobregat"
115,81154,"Martorelles",NULL,29.3467,41,8,NULL,201707262100,4938,96,"Vallès Oriental"
116,81167,"les Masies de Roda",NULL,16.1955,24,8,NULL,201707262100,742,468,"Osona"
117,81173,"les Masies de Voltregà",NULL,14.9722,24,8,NULL,201707262100,3125,533,"Osona"
118,81189,"el Masnou",NULL,23.0711,21,8,NULL,201707262100,21833,27,"Maresme"
119,81192,"Masquefa","17.14",37.0937,6,8,20101117,201707262100,7414,257,"Anoia"
120,81206,"Matadepera",NULL,61.757,40,8,NULL,201801011500,8169,423,"Vallès Occidental"
121,81213,"Mataró",NULL,51.1291,21,8,NULL,201707262100,118748,28,"Maresme"
122,81228,"Mediona",NULL,14.8784,3,8,NULL,201707262100,2083,430,"Alt Penedès"
123,81234,"Molins de Rei",NULL,24.65,11,8,NULL,201801011500,23374,37,"Baix Llobregat"
124,81249,"Mollet del Vallès",NULL,27.9533,41,8,NULL,201707262100,51713,65,"Vallès Oriental"
125,81252,"Montcada i Reixac",NULL,21.191,40,8,NULL,201707262100,32153,36,"Vallès Occidental"
126,81265,"Montgat",NULL,12.5418,21,8,NULL,201707262100,9427,20,"Maresme"
127,81271,"Monistrol de Montserrat","11.9055",8.1999,7,8,20141022,201707262100,2840,161,"Bages"
128,81287,"Monistrol de Calders",NULL,31.0492,42,8,NULL,201801011500,691,447,"Moianès"
129,81290,"Muntanyola","40.4734",52.3546,24,8,20150730,201707262100,464,807,"Osona"
130,81304,"Montclar",NULL,3.0197,14,8,NULL,201707262100,116,728,"Berguedà"
131,81311,"Montesquiu","4.8438",27.7234,24,8,20150429,201707262100,875,577,"Osona"
132,81326,"Montmajor",NULL,22.3298,14,8,NULL,201707262100,463,756,"Berguedà"
133,81332,"Montmaneu",NULL,93.3899,6,8,NULL,201707262100,201,709,"Anoia"
134,81347,"Figaró-Montmany",NULL,12.4159,41,8,NULL,201707262100,1019,330,"Vallès Oriental"
135,81350,"Montmeló",NULL,18.4081,41,8,NULL,201707262100,8921,72,"Vallès Oriental"
136,81363,"Montornès del Vallès",NULL,45.43,41,8,NULL,201707262100,14516,116,"Vallès Oriental"
137,81379,"Montseny",NULL,29.03,41,8,NULL,201707262100,299,528,"Vallès Oriental"
138,81385,"Moià","75.5357",10.7775,42,8,20170726,201707262100,5399,717,"Moianès"
139,81398,"Mura",NULL,53.3565,7,8,NULL,201801011500,233,454,"Bages"
140,81402,"Navarcles","5.5145",8.7525,7,8,20170726,201707262100,5723,269,"Bages"
141,81419,"Navàs",NULL,10.9619,7,8,NULL,201707262100,5810,370,"Bages"
142,81424,"la Nou de Berguedà",NULL,25.7504,14,8,NULL,201801011500,162,876,"Berguedà"
143,81430,"Òdena","52.0926",31.4,6,8,20150128,201707262100,3100,421,"Anoia"
144,81445,"Olvan",NULL,6.2131,14,8,NULL,201707262100,922,553,"Berguedà"
145,81458,"Olèrdola",NULL,10.5608,3,8,NULL,201707262100,3084,189,"Alt Penedès"
146,81461,"Olesa de Bonesvalls",NULL,3.6217,3,8,NULL,201707262100,1506,265,"Alt Penedès"
147,81477,"Olesa de Montserrat","16.6260",16.1325,11,8,20171213,201801011500,21714,124,"Baix Llobregat"
148,81483,"Olivella",NULL,22.1355,17,8,NULL,201801011500,2515,211,"Garraf"
149,81496,"Olost",NULL,3.4798,24,8,NULL,201707262100,1187,572,"Osona"
150,81509,"Orís","27.0215",17.14,24,8,20131016,201707262100,284,576,"Osona"
151,81516,"Oristà",NULL,25.2727,24,8,NULL,201707262100,593,468,"Osona"
152,81521,"Orpí","15.3009",22.4226,6,8,20170726,201707262100,190,375,"Anoia"
153,81537,"Òrrius",NULL,47.9697,21,8,NULL,201707262100,295,259,"Maresme"
154,81542,"Pacs del Penedès",NULL,15.7255,3,8,NULL,201707262100,787,201,"Alt Penedès"
155,81555,"Palafolls",NULL,10.8463,21,8,NULL,201801011500,7583,16,"Maresme"
156,81568,"Palau-solità i Plegamans",NULL,23.5455,40,8,NULL,201707262100,13310,130,"Vallès Occidental"
157,81574,"Pallejà",NULL,2.8728,11,8,NULL,201801011500,10535,41,"Baix Llobregat"
158,81580,"el Papiol","8.8475",11.9055,11,8,20141022,201707262100,3733,135,"Baix Llobregat"
159,81593,"Parets del Vallès",NULL,21.9776,41,8,NULL,201707262100,16413,98,"Vallès Oriental"
160,81607,"Perafita",NULL,40.4734,24,8,NULL,201707262100,379,754,"Osona"
161,81614,"Piera","57.1897",21.9061,6,8,20130529,201707262100,12951,324,"Anoia"
162,81629,"els Hostalets de Pierola",NULL,13.4638,6,8,NULL,201801011500,2003,361,"Anoia"
163,81635,"Pineda de Mar",NULL,33.71,21,8,NULL,201801011500,25504,10,"Maresme"
164,81640,"el Pla del Penedès",NULL,9.2427,3,8,NULL,201707262100,931,216,"Alt Penedès"
165,81653,"la Pobla de Claramunt","18.54",9.39,6,8,20101117,201707262100,2112,265,"Anoia"
166,81666,"la Pobla de Lillet",NULL,41.3292,14,8,NULL,201707262100,1327,843,"Berguedà"
167,81672,"Polinyà",NULL,18.7009,40,8,NULL,201707262100,6764,123,"Vallès Occidental"
168,81688,"Pontons",NULL,38.107,3,8,NULL,201707262100,498,584,"Alt Penedès"
169,81691,"el Prat de Llobregat",NULL,45.2359,11,8,NULL,201707262100,63069,8,"Baix Llobregat"
170,81705,"els Prats de Rei","26.0131",6.2729,6,8,20150429,201707262100,532,608,"Anoia"
171,81712,"Prats de Lluçanès",NULL,41.5563,24,8,NULL,201707262100,2753,707,"Osona"
172,81727,"Premià de Mar",NULL,26.9753,21,8,NULL,201707262100,27860,8,"Maresme"
173,81748,"Puigdàlber",NULL,73.63,3,8,NULL,201707262100,377,239,"Alt Penedès"
174,81751,"Puig-reig",NULL,47.5098,14,8,NULL,201707262100,4202,455,"Berguedà"
175,81764,"Pujalt",NULL,23.52,6,8,NULL,201707262100,203,770,"Anoia"
176,81770,"la Quar",NULL,4.8438,14,8,NULL,201707262100,61,885,"Berguedà"
177,81786,"Rajadell","45.5254",76.358,7,8,20170726,201707262100,467,361,"Bages"
178,81799,"Rellinars",NULL,18.6987,40,8,NULL,201801011500,653,322,"Vallès Occidental"
179,81803,"Ripollet",NULL,38.96,40,8,NULL,201707262100,35427,79,"Vallès Occidental"
180,81810,"la Roca del Vallès",NULL,32.4595,41,8,NULL,201707262100,9418,123,"Vallès Oriental"
181,81825,"el Pont de Vilomara i Rocafort",NULL,42.95,7,8,NULL,201707262100,3310,202,"Bages"
182,81831,"Roda de Ter","2.23",17.2794,24,8,20040325,201707262100,5535,443,"Osona"
183,81846,"Rubí",NULL,33.62,40,8,NULL,201707262100,70006,123,"Vallès Occidental"
184,81859,"Rubió","48.00",13.5235,6,8,20120620,201707262100,146,629,"Anoia"
185,81878,"Sabadell",NULL,14.7892,40,8,NULL,201707262100,200545,190,"Vallès Occidental"
186,81884,"Sagàs",NULL,3.9113,14,8,NULL,201707262100,143,738,"Berguedà"
187,81897,"Sant Pere Sallavinera","22.02",10.2781,6,8,20101117,201707262100,171,588,"Anoia"
188,81901,"Saldes",NULL,26.6302,14,8,NULL,201707262100,326,1215,"Berguedà"
189,81918,"Sallent",NULL,75.5357,7,8,NULL,201707262100,7146,278,"Bages"
190,81923,"Santpedor","16.7291",47.8808,7,8,20170726,201707262100,6263,336,"Bages"
191,81939,"Sant Iscle de Vallalta",NULL,5.5145,21,8,NULL,201707262100,1166,129,"Maresme"
192,81944,"Sant Adrià de Besòs",NULL,80.625,13,8,NULL,201707262100,32585,14,"Barcelonès"
193,81957,"Sant Agustí de Lluçanès","13.5722",25.0981,24,8,20170726,201707262100,107,816,"Osona"
194,81960,"Sant Andreu de la Barca","5.6202",52.0926,11,8,20160727,201707262100,25383,42,"Baix Llobregat"
195,81976,"Sant Andreu de Llavaneres",NULL,35.6447,21,8,NULL,201707262100,9463,114,"Maresme"
196,81982,"Sant Antoni de Vilamajor",NULL,29.9766,41,8,NULL,201707262100,4877,258,"Vallès Oriental"
197,81995,"Sant Bartomeu del Grau","34.6333",30.9932,24,8,20160505,201707262100,1001,868,"Osona"
198,82009,"Sant Boi de Llobregat",NULL,16.626,11,8,NULL,201707262100,81368,30,"Baix Llobregat"
199,82016,"Sant Boi de Lluçanès",NULL,38.7788,24,8,NULL,201707262100,575,813,"Osona"
200,82021,"Sant Celoni",NULL,29,41,8,NULL,201707262100,15544,152,"Vallès Oriental"
201,82037,"Sant Cebrià de Vallalta",NULL,27.0215,21,8,NULL,201707262100,2873,71,"Maresme"
202,82042,"Sant Climent de Llobregat",NULL,68.6336,11,8,NULL,201707262100,3516,87,"Baix Llobregat"
203,82055,"Sant Cugat del Vallès",NULL,15.3009,40,8,NULL,201707262100,73774,124,"Vallès Occidental"
204,82068,"Sant Cugat Sesgarrigues",NULL,5.5704,3,8,NULL,201707262100,890,266,"Alt Penedès"
205,82074,"Sant Esteve de Palautordera",NULL,6.111,41,8,NULL,201707262100,2079,231,"Vallès Oriental"
206,82080,"Sant Esteve Sesrovires",NULL,16.5042,11,8,NULL,201801011500,6590,183,"Baix Llobregat"
207,82093,"Sant Fost de Campsentelles",NULL,9.0125,41,8,NULL,201707262100,7409,112,"Vallès Oriental"
208,82107,"Sant Feliu de Codines",NULL,14.9053,41,8,NULL,201707262100,5412,480,"Vallès Oriental"
209,82114,"Sant Feliu de Llobregat",NULL,8.4283,11,8,NULL,201707262100,42486,25,"Baix Llobregat"
210,82129,"Sant Feliu Sasserra",NULL,26.0131,7,8,NULL,201707262100,622,617,"Bages"
211,82135,"Sant Fruitós de Bages",NULL,8.8475,7,8,NULL,201707262100,7199,247,"Bages"
212,82140,"Vilassar de Dalt",NULL,6.6223,21,8,NULL,201707262100,8334,142,"Maresme"
213,82153,"Sant Hipòlit de Voltregà",NULL,21.3445,24,8,NULL,201707262100,3319,536,"Osona"
214,82166,"Sant Jaume de Frontanyà","21.2710",9.117,14,8,20150128,201707262100,32,1072,"Berguedà"
215,82172,"Sant Joan Despí",NULL,19.6906,11,8,NULL,201801011500,31485,10,"Baix Llobregat"
216,82188,"Sant Joan de Vilatorrada","16.4246",57.1897,7,8,20170726,201707262100,10362,277,"Bages"
217,82191,"Vilassar de Mar",NULL,33.3867,21,8,NULL,201707262100,19051,10,"Maresme"
218,82205,"Sant Julià de Vilatorta",NULL,10.1826,24,8,NULL,201707262100,2809,600,"Osona"
219,82212,"Sant Just Desvern",NULL,9.3895,11,8,NULL,201707262100,15327,122,"Baix Llobregat"
220,82227,"Sant Llorenç d'Hortons",NULL,18.54,3,8,NULL,201707262100,2126,196,"Alt Penedès"
221,82233,"Sant Llorenç Savall",NULL,51.5343,40,8,NULL,201801011500,2271,466,"Vallès Occidental"
222,82248,"Sant Martí de Centelles","25.8741",25.7546,24,8,20141022,201707262100,907,406,"Osona"
223,82251,"Sant Martí d'Albars",NULL,33.4594,24,8,NULL,201707262100,114,629,"Osona"
224,82264,"Sant Martí de Tous","38.9412",13.543,6,8,20160727,201707262100,1101,465,"Anoia"
225,82270,"Sant Martí Sarroca",NULL,0.6239,3,8,NULL,201707262100,2849,291,"Alt Penedès"
226,82286,"Sant Martí Sesgueioles","3.8636",45.8626,6,8,20131016,201707262100,361,646,"Anoia"
227,82299,"Sant Mateu de Bages","102.1706",31.5027,7,8,20170726,201707262100,661,569,"Bages"
228,82303,"Premià de Dalt",NULL,38.0904,21,8,NULL,201707262100,9890,142,"Maresme"
229,82310,"Sant Pere de Ribes",NULL,45.5254,17,8,NULL,201707262100,26859,44,"Garraf"
230,82325,"Sant Pere de Riudebitlles",NULL,2.1165,3,8,NULL,201707262100,2246,246,"Alt Penedès"
231,82331,"Sant Pere de Torelló","54.9573",17.8302,24,8,20140212,201707262100,2264,621,"Osona"
232,82346,"Sant Pere de Vilamajor",NULL,4.3077,41,8,NULL,201707262100,3578,305,"Vallès Oriental"
233,82359,"Sant Pol de Mar",NULL,36.8904,21,8,NULL,201707262100,4773,15,"Maresme"
234,82362,"Sant Quintí de Mediona",NULL,27.3584,3,8,NULL,201707262100,2039,326,"Alt Penedès"
235,82378,"Sant Quirze de Besora","8.1521",2.23,24,8,20150429,201707262100,2069,587,"Osona"
236,82384,"Sant Quirze del Vallès",NULL,32.248,40,8,NULL,201707262100,17138,188,"Vallès Occidental"
237,82397,"Sant Quirze Safaja",NULL,48,42,8,NULL,201801011500,579,627,"Moianès"
238,82401,"Sant Sadurní d'Anoia",NULL,37.8493,3,8,NULL,201707262100,11617,162,"Alt Penedès"
239,82418,"Sant Sadurní d'Osormort","30.6645",44.7662,24,8,20160505,201707262100,89,531,"Osona"
240,82423,"Marganell","13.3455",22.02,7,8,20141022,201707262100,288,291,"Bages"
241,82439,"Santa Cecília de Voltregà",NULL,66.6059,24,8,NULL,201707262100,199,519,"Osona"
242,82444,"Santa Coloma de Cervelló",NULL,64.9442,11,8,NULL,201801011500,7314,73,"Baix Llobregat"
243,82457,"Santa Coloma de Gramenet",NULL,16.7291,13,8,NULL,201707262100,119056,56,"Barcelonès"
244,82460,"Santa Eugènia de Berga","6.9798",17.869,24,8,20141022,201707262100,2178,538,"Osona"
245,82476,"Santa Eulàlia de Riuprimer","13.8908",3.7977,24,8,20160505,201707262100,926,568,"Osona"
246,82482,"Santa Eulàlia de Ronçana",NULL,14.9379,41,8,NULL,201707262100,6111,162,"Vallès Oriental"
247,82495,"Santa Fe del Penedès","3.3760",11.9322,3,8,20170726,201707262100,350,240,"Alt Penedès"
248,82508,"Santa Margarida de Montbui","27.6030",23.0494,6,8,20160727,201707262100,9715,316,"Anoia"
249,82515,"Santa Margarida i els Monjos",NULL,13.5722,3,8,NULL,201707262100,6221,161,"Alt Penedès"
250,82520,"Barberà del Vallès",NULL,5.6202,40,8,NULL,201707262100,28633,146,"Vallès Occidental"
251,82536,"Santa Maria de Besora","24.9140",11.8909,24,8,20130529,201707262100,187,866,"Osona"
252,82541,"l'Esquirol",NULL,13.8094,24,8,NULL,201707262100,2239,693,"Osona"
253,82554,"Santa Maria de Merlès",NULL,34.6333,14,8,NULL,201707262100,152,532,"Berguedà"
254,82567,"Santa Maria de Martorelles",NULL,21.4276,41,8,NULL,201707262100,788,181,"Vallès Oriental"
255,82573,"Santa Maria de Miralles",NULL,22.1324,6,8,NULL,201707262100,128,543,"Anoia"
256,82589,"Santa Maria d'Oló","66.0811",9.0169,42,8,20170726,201707262100,1072,542,"Moianès"
257,82592,"Santa Maria de Palautordera",NULL,20.0492,41,8,NULL,201707262100,8099,208,"Vallès Oriental"
258,82606,"Santa Perpètua de Mogoda",NULL,65.3138,40,8,NULL,201707262100,21644,74,"Vallès Occidental"
259,82613,"Santa Susanna",NULL,15.4997,21,8,NULL,201801011500,2939,10,"Maresme"
260,82628,"Sant Vicenç de Castellet",NULL,10.7415,7,8,NULL,201801011500,7835,176,"Bages"
261,82634,"Sant Vicenç dels Horts",NULL,48.2456,11,8,NULL,201801011500,27019,22,"Baix Llobregat"
262,82649,"Sant Vicenç de Montalt",NULL,6.2822,21,8,NULL,201707262100,5127,143,"Maresme"
263,82652,"Sant Vicenç de Torelló","6.5878",10.6408,24,8,20150730,201707262100,1911,555,"Osona"
264,82665,"Cerdanyola del Vallès",NULL,18.5539,40,8,NULL,201707262100,57959,82,"Vallès Occidental"
265,82671,"Sentmenat",NULL,13.1743,40,8,NULL,201707262100,7209,207,"Vallès Occidental"
266,82687,"Cercs","47.0173",6.2232,14,8,20160727,201707262100,1333,650,"Berguedà"
267,82690,"Seva",NULL,16.4246,24,8,NULL,201707262100,3099,663,"Osona"
268,82704,"Sitges",NULL,3.9819,17,8,NULL,201707262100,25642,10,"Garraf"
269,82711,"Sobremunt",NULL,16.1658,24,8,NULL,201707262100,102,881,"Osona"
270,82726,"Sora","30.8421",7.7765,24,8,20150429,201707262100,193,716,"Osona"
271,82732,"Subirats",NULL,19.6887,3,8,NULL,201707262100,2943,243,"Alt Penedès"
272,82747,"Súria","23.6008",41.285,7,8,20160505,201707262100,6290,326,"Bages"
273,82750,"Tavèrnoles","18.8823",25.8741,24,8,20160505,201707262100,300,537,"Osona"
274,82763,"Tagamanent","43.4706",14.7023,41,8,20141022,201707262100,282,354,"Vallès Oriental"
275,82779,"Talamanca",NULL,38.9412,7,8,NULL,201801011500,134,552,"Bages"
276,82785,"Taradell",NULL,3.8636,24,8,NULL,201707262100,5764,623,"Osona"
277,82798,"Terrassa",NULL,102.1706,40,8,NULL,201801011500,199817,277,"Vallès Occidental"
278,82802,"Tavertet","32.7661",6.477,24,8,20150730,201707262100,155,869,"Osona"
279,82819,"Teià",NULL,40.8538,21,8,NULL,201707262100,5867,128,"Maresme"
280,82824,"Tiana",NULL,5.3524,21,8,NULL,201707262100,7305,136,"Maresme"
281,82830,"Tona",NULL,54.9573,24,8,NULL,201707262100,7328,596,"Osona"
282,82845,"Tordera",NULL,34.3458,21,8,NULL,201801011500,13420,34,"Maresme"
283,82858,"Torelló","13.5064",7.5169,24,8,20150730,201707262100,13269,508,"Osona"
284,82861,"la Torre de Claramunt","14.94",0.93,6,8,20111214,201707262100,3298,363,"Anoia"
285,82877,"Torrelavit",NULL,5.3899,3,8,NULL,201707262100,1232,202,"Alt Penedès"
286,82883,"Torrelles de Foix",NULL,27.4164,3,8,NULL,201707262100,2252,367,"Alt Penedès"
287,82896,"Torrelles de Llobregat",NULL,13.8001,11,8,NULL,201707262100,4861,126,"Baix Llobregat"
288,82900,"Ullastrell",NULL,8.6088,40,8,NULL,201707262100,1529,342,"Vallès Occidental"
289,82917,"Vacarisses",NULL,13.9839,40,8,NULL,201801011500,5094,382,"Vallès Occidental"
290,82922,"Vallbona d'Anoia","6.43",94.0293,6,8,20101215,201707262100,1311,289,"Anoia"
291,82938,"Vallcebre","28.0453",11.3244,14,8,20130529,201707262100,276,1123,"Berguedà"
292,82943,"Vallgorguina",NULL,7.4156,41,8,NULL,201707262100,2016,222,"Vallès Oriental"
293,82956,"Vallirana",NULL,5.85,11,8,NULL,201707262100,12928,177,"Baix Llobregat"
294,82969,"Vallromanes",NULL,7.0351,41,8,NULL,201707262100,2094,153,"Vallès Oriental"
295,82975,"Veciana","38.9572",6.9798,6,8,20130529,201707262100,167,564,"Anoia"
296,82981,"Vic",NULL,13.8908,24,8,NULL,201707262100,38747,484,"Osona"
297,82994,"Vilada",NULL,14.1139,14,8,NULL,201707262100,516,757,"Berguedà"
298,83008,"Viladecavalls",NULL,3.376,40,8,NULL,201801011500,7036,274,"Vallès Occidental"
299,83015,"Viladecans",NULL,27.603,11,8,NULL,201707262100,61168,18,"Baix Llobregat"
300,83020,"Vilanova del Camí","10.4793",17.4416,6,8,20150429,201707262100,12039,302,"Anoia"
301,83036,"Vilanova de Sau","57.9842",8.2031,24,8,20150730,201707262100,323,558,"Osona"
302,83041,"Vilobí del Penedès",NULL,24.914,3,8,NULL,201707262100,1033,286,"Alt Penedès"
303,83054,"Vilafranca del Penedès",NULL,61.7969,3,8,NULL,201707262100,36687,223,"Alt Penedès"
304,83067,"Vilalba Sasserra",NULL,51.3053,41,8,NULL,201707262100,581,200,"Vallès Oriental"
305,83073,"Vilanova i la Geltrú",NULL,4.4545,17,8,NULL,201707262100,62826,22,"Garraf"
306,83089,"Viver i Serrateix","67.1703",25.2471,14,8,20160505,201707262100,194,729,"Berguedà"
307,89019,"Rupit i Pruit",NULL,66.0811,24,8,NULL,201707262100,339,822,"Osona"
308,89024,"Vilanova del Vallès",NULL,16.9738,41,8,NULL,201707262100,3774,91,"Vallès Oriental"
309,89030,"Sant Julià de Cerdanyola",NULL,15.5248,14,8,NULL,201801011500,259,954,"Berguedà"
310,89045,"Badia del Vallès","0.93",12.6366,40,8,20040325,201707262100,14123,120,"Vallès Occidental"
311,89058,"la Palma de Cervelló","5.3899",17.2984,11,8,20160505,201707262100,2988,100,"Baix Llobregat"
312,170010,"Agullana",NULL,9.3051,2,17,NULL,201707262100,756,166,"Alt Empordà"
313,170025,"Aiguaviva",NULL,7.9901,20,17,NULL,201707262100,594,169,"Gironès"
314,170031,"Albanyà",NULL,10.8893,2,17,NULL,201707262100,137,239,"Alt Empordà"
315,170046,"Albons",NULL,6.5878,10,17,NULL,201707262100,620,25,"Baix Empordà"
316,170059,"el Far d'Empordà",NULL,30.8307,2,17,NULL,201707262100,483,44,"Alt Empordà"
317,170062,"Alp",NULL,28.4516,15,17,NULL,201707262100,1467,1158,"Cerdanya"
318,170078,"Amer","39.8970",47.0173,34,17,20150730,201707262100,2258,186,"Selva"
319,170084,"Anglès",NULL,30.4659,34,17,NULL,201707262100,5211,181,"Selva"
320,170097,"Arbúcies",NULL,43.9894,34,17,NULL,201707262100,6232,291,"Selva"
321,170101,"Argelaguer","12.62",33.5634,19,17,20100722,201707262100,418,183,"Garrotxa"
322,170118,"l'Armentera","5.85",15.57,2,17,20120620,201707262100,770,7,"Alt Empordà"
323,170123,"Avinyonet de Puigventós",NULL,32.63,2,17,NULL,201707262100,1241,70,"Alt Empordà"
324,170139,"Begur","20.84",18.7,10,17,20111214,201707262100,4076,200,"Baix Empordà"
325,170144,"la Vajol",NULL,8.49,2,17,NULL,201707262100,101,546,"Alt Empordà"
326,170157,"Banyoles","11.01",103.4955,28,17,20100722,201707262100,17309,172,"Pla de l'Estany"
327,170160,"Bàscara",NULL,44.62,2,17,NULL,201707262100,900,66,"Alt Empordà"
328,170182,"Bellcaire d'Empordà",NULL,19.4543,10,17,NULL,201707262100,672,35,"Baix Empordà"
329,170195,"Besalú","4.69",26.3092,19,17,20101117,201707262100,2257,151,"Garrotxa"
330,170209,"Bescanó","36.0286",93.5563,20,17,20160505,201707262100,3859,102,"Gironès"
331,170216,"Beuda","36.1713",45.3943,19,17,20160505,201707262100,164,338,"Garrotxa"
332,170221,"la Bisbal d'Empordà","20.7204",0.73,10,17,20160727,201707262100,9261,39,"Baix Empordà"
333,170237,"Blanes","17.70",13.8322,34,17,20111214,201707262100,37819,13,"Selva"
334,170242,"Bolvir",NULL,42.285,15,17,NULL,201707262100,295,1145,"Cerdanya"
335,170255,"Bordils","6.9876",21.6716,20,17,20140212,201707262100,1554,42,"Gironès"
336,170268,"Borrassà",NULL,30.8421,2,17,NULL,201707262100,614,73,"Alt Empordà"
337,170274,"Breda",NULL,55.6078,34,17,NULL,201707262100,3685,169,"Selva"
338,170280,"Brunyola",NULL,23.6008,34,17,NULL,201707262100,362,247,"Selva"
339,170293,"Boadella i les Escaules",NULL,18.8823,2,17,NULL,201707262100,230,82,"Alt Empordà"
340,170307,"Cabanes",NULL,43.4706,2,17,NULL,201707262100,917,26,"Alt Empordà"
341,170314,"Cabanelles","55.9924",29.3062,2,17,20160505,201707262100,240,194,"Alt Empordà"
342,170329,"Cadaqués",NULL,26.58,2,17,NULL,201707262100,2922,23,"Alt Empordà"
343,170335,"Caldes de Malavella","56.9372",70.1858,34,17,20141022,201707262100,5674,84,"Selva"
344,170340,"Calonge i Sant Antoni","33.5634",32.7661,10,17,20130529,201801011500,9458,22,"Baix Empordà"
345,170353,"Camós","15.57",6.7005,28,17,20100722,201707262100,677,168,"Pla de l'Estany"
346,170366,"Campdevànol","32.63",7.8968,31,17,20101117,201707262100,3499,738,"Ripollès"
347,170372,"Campelles","18.70",16.3938,31,17,20101117,201707262100,106,1303,"Ripollès"
348,170388,"Campllong","8.49",13.5064,20,17,20101215,201707262100,381,113,"Gironès"
349,170391,"Camprodon","103.4955",14.94,31,17,20140212,201707262100,2438,947,"Ripollès"
350,170405,"Canet d'Adri","44.62",23.7561,20,17,20101215,201707262100,576,217,"Gironès"
351,170412,"Cantallops",NULL,37.0203,2,17,NULL,201707262100,287,200,"Alt Empordà"
352,170427,"Capmany",NULL,13.5305,2,17,NULL,201707262100,494,107,"Alt Empordà"
353,170433,"Queralbs","93.5563",7.3494,31,17,20150128,201707262100,198,1236,"Ripollès"
354,170448,"Cassà de la Selva","45.3943",40.6264,20,17,20130529,201707262100,8780,137,"Gironès"
355,170464,"Castellfollit de la Roca","0.73",6.43,19,17,20041216,201707262100,993,296,"Garrotxa"
356,170470,"Castelló d'Empúries",NULL,28.0453,2,17,NULL,201707262100,10021,17,"Alt Empordà"
357,170486,"Castell-Platja d'Aro",NULL,22.1274,10,17,NULL,201707262100,9768,5,"Baix Empordà"
358,170499,"Celrà","19.6721",23.8598,20,17,20141022,201707262100,3783,71,"Gironès"
359,170502,"Cervià de Ter","10.0858",10.5693,20,17,20140212,201707262100,827,45,"Gironès"
360,170519,"Cistella",NULL,38.9572,2,17,NULL,201707262100,232,130,"Alt Empordà"
361,170524,"Siurana",NULL,30.9079,2,17,NULL,201707262100,181,33,"Alt Empordà"
362,170545,"Colera",NULL,22.213,2,17,NULL,201707262100,601,10,"Alt Empordà"
363,170558,"Colomers",NULL,20.0327,10,17,NULL,201707262100,213,41,"Baix Empordà"
364,170561,"Cornellà del Terri","27.83",20.5017,28,17,20111214,201707262100,2079,96,"Pla de l'Estany"
365,170577,"Corçà","16.1276",10.4793,10,17,20160727,201707262100,1261,43,"Baix Empordà"
366,170583,"Crespià","11.31",57.9842,28,17,20101215,201707262100,242,138,"Pla de l'Estany"
367,170600,"Darnius",NULL,9.4021,2,17,NULL,201707262100,547,193,"Alt Empordà"
368,170617,"Das",NULL,19.87,15,17,NULL,201707262100,176,1219,"Cerdanya"
369,170622,"l'Escala",NULL,5.8546,2,17,NULL,201707262100,8795,14,"Alt Empordà"
370,170638,"Espinelves","17.4854",34.043,24,17,20170426,201707262100,199,752,"Osona"
371,170643,"Espolla",NULL,67.1703,2,17,NULL,201707262100,367,124,"Alt Empordà"
372,170656,"Esponellà","15.77",49.1275,28,17,20101117,201707262100,437,142,"Pla de l'Estany"
373,170669,"Figueres",NULL,15.2078,2,17,NULL,201707262100,39641,39,"Alt Empordà"
374,170675,"Flaçà","6.8335",11.8468,20,17,20160505,201707262100,997,34,"Gironès"
375,170681,"Foixà",NULL,9.1207,10,17,NULL,201707262100,325,85,"Baix Empordà"
376,170694,"Fontanals de Cerdanya",NULL,44.0193,15,17,NULL,201707262100,425,1180,"Cerdanya"
377,170708,"Fontanilles",NULL,39.897,10,17,NULL,201801011500,175,29,"Baix Empordà"
378,170715,"Fontcoberta","17.08",16.3185,28,17,20111214,201707262100,1181,207,"Pla de l'Estany"
379,170736,"Fornells de la Selva","11.6728",86.4118,20,17,20170726,201707262100,1890,102,"Gironès"
380,170741,"Fortià",NULL,12.62,2,17,NULL,201707262100,582,8,"Alt Empordà"
381,170754,"Garrigàs",NULL,12.3152,2,17,NULL,201707262100,346,101,"Alt Empordà"
382,170767,"Garrigoles",NULL,20.84,10,17,NULL,201707262100,155,92,"Baix Empordà"
383,170773,"Garriguella",NULL,4.788,2,17,NULL,201707262100,731,56,"Alt Empordà"
384,170789,"Ger","32.76",11.01,15,17,20120620,201707262100,450,1135,"Cerdanya"
385,170792,"Girona","38.8562",16.8768,20,17,20170726,201707262100,89890,70,"Gironès"
386,170806,"Gombrèn","43.27",12.5935,31,17,20111214,201707262100,222,919,"Ripollès"
387,170813,"Gualta",NULL,4.2957,10,17,NULL,201707262100,358,15,"Baix Empordà"
388,170828,"Guils de Cerdanya",NULL,27.83,15,17,NULL,201707262100,438,1385,"Cerdanya"
389,170834,"Hostalric",NULL,16.1276,34,17,NULL,201707262100,3619,189,"Selva"
390,170849,"Isòvol",NULL,11.31,15,17,NULL,201707262100,265,1088,"Cerdanya"
391,170852,"Jafre",NULL,34.8834,10,17,NULL,201707262100,386,44,"Baix Empordà"
392,170865,"la Jonquera",NULL,14.626,2,17,NULL,201707262100,3020,110,"Alt Empordà"
393,170871,"Juià","8.3040",16.2256,20,17,20140212,201707262100,318,94,"Gironès"
394,170887,"Lladó",NULL,4.69,2,17,NULL,201707262100,591,197,"Alt Empordà"
395,170890,"Llagostera","77.0048",36.0286,20,17,20150730,201707262100,7062,160,"Gironès"
396,170904,"Llambilles","14.8784",36.1713,20,17,20130529,201707262100,612,143,"Gironès"
397,170911,"Llanars","24.65",20.7204,31,17,20120620,201707262100,558,983,"Ripollès"
398,170926,"Llançà",NULL,17.7,2,17,NULL,201707262100,4611,4,"Alt Empordà"
399,170932,"Llers",NULL,6.9876,2,17,NULL,201707262100,1167,142,"Alt Empordà"
400,170947,"Llívia",NULL,17.4854,15,17,NULL,201707262100,1291,1224,"Cerdanya"
401,170950,"Lloret de Mar","48.3350",43.3442,34,17,20130529,201707262100,32728,5,"Selva"
402,170963,"les Llosses","114.43",15.77,31,17,20111214,201707262100,246,1000,"Ripollès"
403,170979,"Madremanya","13.5914",19.0089,20,17,20131016,201707262100,222,177,"Gironès"
404,170985,"Maià de Montcal","17.22",9.4888,19,17,20101117,201707262100,379,241,"Garrotxa"
405,170998,"Meranges",NULL,5.0153,15,17,NULL,201707262100,86,1539,"Cerdanya"
406,171002,"Masarac",NULL,36.8435,2,17,NULL,201707262100,265,85,"Alt Empordà"
407,171019,"Massanes",NULL,10.6877,34,17,NULL,201707262100,660,164,"Selva"
408,171024,"Maçanet de Cabrenys",NULL,8.9299,2,17,NULL,201707262100,700,370,"Alt Empordà"
409,171030,"Maçanet de la Selva",NULL,20.9793,34,17,NULL,201801011500,5712,100,"Selva"
410,171058,"Mieres","26.12",14.9918,19,17,20120620,201707262100,331,286,"Garrotxa"
411,171061,"Mollet de Peralada",NULL,55.9924,2,17,NULL,201707262100,172,59,"Alt Empordà"
412,171077,"Molló","43.1301",26.3715,31,17,20140212,201707262100,329,1182,"Ripollès"
413,171096,"Montagut i Oix","93.3899",56.9372,19,17,20130529,201707262100,903,276,"Garrotxa"
414,171100,"Mont-ras",NULL,19.6721,10,17,NULL,201707262100,1841,88,"Baix Empordà"
415,171117,"Navata",NULL,10.0858,2,17,NULL,201707262100,980,145,"Alt Empordà"
416,171122,"Ogassa","45.43",25.5591,31,17,20120620,201707262100,265,951,"Ripollès"
417,171143,"Olot","29.03",10.5068,19,17,20020604,201707262100,31932,443,"Garrotxa"
418,171156,"Ordis",NULL,24.2134,2,17,NULL,201707262100,353,98,"Alt Empordà"
419,171169,"Osor",NULL,6.8335,34,17,NULL,201707262100,390,340,"Selva"
420,171175,"Palafrugell",NULL,18.4553,10,17,NULL,201801011500,21307,64,"Baix Empordà"
421,171181,"Palamós","13.9453",28.69,10,17,20160505,201707262100,17197,12,"Baix Empordà"
422,171194,"Palau de Santa Eulàlia",NULL,9.3166,2,17,NULL,201707262100,91,86,"Alt Empordà"
423,171208,"Palau-saverdera",NULL,17.08,2,17,NULL,201707262100,1197,78,"Alt Empordà"
424,171215,"Palau-sator",NULL,18.8603,10,17,NULL,201801011500,280,20,"Baix Empordà"
425,171236,"Palol de Revardit","18.0676",11.6728,28,17,20130529,201707262100,429,152,"Pla de l'Estany"
426,171241,"Pals","25.7504",32.76,10,17,20171213,201801011500,2400,55,"Baix Empordà"
427,171254,"Pardines","31.40",38.8562,31,17,20111214,201707262100,149,1226,"Ripollès"
428,171267,"Parlavà","6.2131",43.27,10,17,20150429,201707262100,352,40,"Baix Empordà"
429,171289,"Pau",NULL,92.6176,2,17,NULL,201707262100,501,33,"Alt Empordà"
430,171292,"Pedret i Marzà",NULL,12.3157,2,17,NULL,201707262100,154,22,"Alt Empordà"
431,171306,"la Pera",NULL,41.7855,10,17,NULL,201707262100,436,93,"Baix Empordà"
432,171328,"Peralada",NULL,87.5452,2,17,NULL,201707262100,1625,32,"Alt Empordà"
433,171334,"les Planes d'Hostoles","37.45",34.5049,19,17,20120620,201707262100,1798,370,"Garrotxa"
434,171349,"Planoles","18.7403",15.4501,31,17,20130529,201707262100,281,1136,"Ripollès"
435,171352,"Pont de Molins",NULL,85.9856,2,17,NULL,201707262100,419,43,"Alt Empordà"
436,171365,"Pontós",NULL,10.7218,2,17,NULL,201707262100,217,94,"Alt Empordà"
437,171371,"Porqueres","33.71",104.7412,28,17,20100722,201707262100,4154,148,"Pla de l'Estany"
438,171387,"Portbou",NULL,8.3979,2,17,NULL,201707262100,1347,28,"Alt Empordà"
439,171390,"les Preses","9.39",18.987,19,17,20020604,201707262100,1692,474,"Garrotxa"
440,171404,"el Port de la Selva",NULL,18.84,2,17,NULL,201707262100,908,12,"Alt Empordà"
441,171411,"Puigcerdà",NULL,20.0562,15,17,NULL,201707262100,8859,1202,"Cerdanya"
442,171426,"Quart","38.1070",9.0495,20,17,20171213,201801011500,2637,91,"Gironès"
443,171432,"Rabós",NULL,3.3988,2,17,NULL,201707262100,194,106,"Alt Empordà"
444,171447,"Regencós","6.2729",38.431,10,17,20171213,201801011500,304,78,"Baix Empordà"
445,171450,"Ribes de Freser","41.5563",21.9816,31,17,20150128,201707262100,2017,912,"Ripollès"
446,171463,"Riells i Viabrea",NULL,10.6975,34,17,NULL,201707262100,3238,96,"Selva"
447,171479,"Ripoll","73.63",6.5794,31,17,20101215,201707262100,10832,691,"Ripollès"
448,171485,"Riudarenes",NULL,57.5921,34,17,NULL,201801011500,1761,84,"Selva"
449,171498,"Riudaura","23.52",8.304,19,17,20041021,201707262100,417,572,"Garrotxa"
450,171501,"Riudellots de la Selva","13.2757",13.6444,34,17,20150128,201707262100,1849,98,"Selva"
451,171518,"Riumors",NULL,77.0048,2,17,NULL,201707262100,172,7,"Alt Empordà"
452,171523,"Roses",NULL,12.9628,2,17,NULL,201707262100,17173,5,"Alt Empordà"
453,171539,"Rupià",NULL,48.335,10,17,NULL,201707262100,213,66,"Baix Empordà"
454,171544,"Sales de Llierca","35.79",114.43,19,17,20100722,201707262100,128,260,"Garrotxa"
455,171557,"Salt","6.6092",13.5914,20,17,20131016,201707262100,28017,83,"Gironès"
456,171576,"Sant Andreu Salou","5.8154",17.22,20,17,20130529,201707262100,156,132,"Gironès"
457,171582,"Sant Climent Sescebes",NULL,37.9303,2,17,NULL,201707262100,482,86,"Alt Empordà"
458,171595,"Sant Feliu de Buixalleu",NULL,14.534,34,17,NULL,201707262100,756,402,"Selva"
459,171609,"Sant Feliu de Guíxols",NULL,12.5422,10,17,NULL,201707262100,20867,4,"Baix Empordà"
460,171616,"Sant Feliu de Pallerols","33.81",25.8628,19,17,20101117,201707262100,1272,473,"Garrotxa"
461,171621,"Sant Ferriol","42.29",67.6206,19,17,20101215,201707262100,194,366,"Garrotxa"
462,171637,"Sant Gregori","48.8868",45.6741,20,17,20131016,201707262100,2951,112,"Gironès"
463,171642,"Sant Hilari Sacalm",NULL,26.12,34,17,NULL,201707262100,5385,803,"Selva"
464,171655,"Sant Jaume de Llierca","6.90",6.0578,19,17,20100722,201707262100,815,203,"Garrotxa"
465,171668,"Sant Jordi Desvalls",NULL,43.1301,20,17,NULL,201707262100,632,57,"Gironès"
466,171674,"Sant Joan de les Abadesses","53.68",8.4932,31,17,20101117,201707262100,3565,773,"Ripollès"
467,171680,"Sant Joan de Mollet","3.2298",52.2576,20,17,20141022,201707262100,487,54,"Gironès"
468,171693,"Sant Julià de Ramis","18.6987",26.8936,20,17,20131016,201801011500,2656,128,"Gironès"
469,171707,"Vallfogona de Ripollès","38.96",13.9453,31,17,20111214,201707262100,206,956,"Ripollès"
470,171714,"Sant Llorenç de la Muga",NULL,8.5731,2,17,NULL,201707262100,196,173,"Alt Empordà"
471,171729,"Sant Martí de Llémena","42.95",16.5746,20,17,20120620,201707262100,520,256,"Gironès"
472,171735,"Sant Martí Vell","17.2794",12.4288,20,17,20160505,201707262100,209,65,"Gironès"
473,171740,"Sant Miquel de Campmajor","33.62",18.0676,28,17,20100722,201707262100,218,217,"Pla de l'Estany"
474,171753,"Sant Miquel de Fluvià",NULL,8.5856,2,17,NULL,201707262100,671,28,"Alt Empordà"
475,171766,"Sant Mori",NULL,11.9787,2,17,NULL,201707262100,164,51,"Alt Empordà"
476,171772,"Sant Pau de Segúries","8.78",43.9079,31,17,20120620,201707262100,666,867,"Ripollès"
477,171788,"Sant Pere Pescador",NULL,37.45,2,17,NULL,201707262100,1804,5,"Alt Empordà"
478,171805,"Santa Coloma de Farners","70.8871",18.7403,34,17,20170426,201707262100,10565,142,"Selva"
479,171812,"Santa Cristina d'Aro","67.7587",8.64,10,17,20150429,201707262100,4214,30,"Baix Empordà"
480,171827,"Santa Llogaia d'Àlguema",NULL,13.2757,2,17,NULL,201707262100,313,42,"Alt Empordà"
481,171833,"Sant Aniol de Finestres","48.46",21.3281,19,17,20120620,201707262100,289,289,"Garrotxa"
482,171848,"Santa Pau","48.57",58.776,19,17,20100722,201707262100,1565,496,"Garrotxa"
483,171851,"Sant Joan les Fonts","31.97",53.6033,19,17,20051214,201707262100,2652,342,"Garrotxa"
484,171864,"Sarrià de Ter","4.25",209.4328,20,17,20101215,201707262100,4065,70,"Gironès"
485,171870,"Saus, Camallera i Llampaies",NULL,7.1393,2,17,NULL,201707262100,737,86,"Alt Empordà"
486,171886,"la Selva de Mar",NULL,6.5382,2,17,NULL,201707262100,223,48,"Alt Empordà"
487,171899,"la Cellera de Ter","14.6436",45.8626,34,17,20141022,201707262100,2096,166,"Selva"
488,171903,"Serinyà","17.20",27.9252,28,17,20100722,201707262100,1045,188,"Pla de l'Estany"
489,171910,"Serra de Daró",NULL,8.7556,10,17,NULL,201707262100,184,15,"Baix Empordà"
490,171925,"Setcases","48.8961",5.4657,31,17,20130529,201707262100,181,1265,"Ripollès"
491,171931,"Sils",NULL,35.79,34,17,NULL,201707262100,4126,76,"Selva"
492,171946,"Susqueda",NULL,12.6149,34,17,NULL,201707262100,112,816,"Selva"
493,171959,"la Tallada d'Empordà",NULL,6.6092,10,17,NULL,201707262100,367,20,"Baix Empordà"
494,171962,"Terrades",NULL,1.9516,2,17,NULL,201707262100,146,228,"Alt Empordà"
495,171978,"Torrent","7.9101",48.46,10,17,20160727,201707262100,190,44,"Baix Empordà"
496,171984,"Torroella de Fluvià",NULL,48.57,2,17,NULL,201707262100,460,9,"Alt Empordà"
497,171997,"Torroella de Montgrí",NULL,5.8154,10,17,NULL,201801011500,10588,31,"Baix Empordà"
498,172001,"Tortellà","11.00",31.97,19,17,20100722,201707262100,729,276,"Garrotxa"
499,172018,"Toses","57.6725",10.9164,31,17,20130529,201707262100,160,1444,"Ripollès"
500,172023,"Tossa de Mar","38.1540",106.3214,34,17,20171213,201801011500,5414,5,"Selva"
501,172039,"Ultramort",NULL,59.7993,10,17,NULL,201707262100,200,30,"Baix Empordà"
502,172044,"Ullà",NULL,25.194,10,17,NULL,201707262100,1039,21,"Baix Empordà"
503,172057,"Ullastret",NULL,24.2226,10,17,NULL,201707262100,233,49,"Baix Empordà"
504,172060,"Urús",NULL,62.0567,15,17,NULL,201707262100,200,1263,"Cerdanya"
505,172076,"la Vall d'en Bas","90.57",15.8514,19,17,20051010,201707262100,2650,510,"Garrotxa"
506,172082,"la Vall de Bianya","93.62",33.81,19,17,20040722,201707262100,1256,367,"Garrotxa"
507,172095,"Vall-llobrega","5.4819",42.29,10,17,20170726,201707262100,730,49,"Baix Empordà"
508,172109,"Ventalló",NULL,48.8868,2,17,NULL,201707262100,698,28,"Alt Empordà"
509,172116,"Verges",NULL,82.2237,10,17,NULL,201707262100,1179,23,"Baix Empordà"
510,172121,"Vidrà","34.47",6.9,24,17,20120620,201707262100,168,982,"Osona"
511,172137,"Vidreres",NULL,16.6497,34,17,NULL,201801011500,6676,93,"Selva"
512,172142,"Vilabertran",NULL,20.8401,2,17,NULL,201707262100,843,19,"Alt Empordà"
513,172155,"Vilablareix","6.14",11.8011,20,17,20111214,201707262100,2213,99,"Gironès"
514,172168,"Viladasens","15.5161",53.68,20,17,20141022,201707262100,191,96,"Gironès"
515,172174,"Viladamat",NULL,3.2298,2,17,NULL,201707262100,421,13,"Alt Empordà"
516,172180,"Vilademuls","62.17",3.5089,28,17,20111214,201707262100,786,120,"Pla de l'Estany"
517,172207,"Viladrau","50.7127",7.9101,24,17,20141022,201707262100,999,821,"Osona"
518,172214,"Vilafant",NULL,16.8719,2,17,NULL,201707262100,5013,54,"Alt Empordà"
519,172229,"Vilaür",NULL,65.8133,2,17,NULL,201707262100,139,65,"Alt Empordà"
520,172235,"Vilajuïga",NULL,11,2,17,NULL,201707262100,1072,31,"Alt Empordà"
521,172240,"Vilallonga de Ter","64.28",57.6725,31,17,20120620,201707262100,448,1067,"Ripollès"
522,172253,"Vilamacolum",NULL,38.154,2,17,NULL,201707262100,280,5,"Alt Empordà"
523,172266,"Vilamalla",NULL,7.3589,2,17,NULL,201707262100,1092,45,"Alt Empordà"
524,172272,"Vilamaniscle",NULL,8.78,2,17,NULL,201707262100,182,169,"Alt Empordà"
525,172288,"Vilanant",NULL,18.2794,2,17,NULL,201707262100,333,98,"Alt Empordà"
526,172305,"Vila-sacra",NULL,70.8871,2,17,NULL,201707262100,485,16,"Alt Empordà"
527,172327,"Vilopriu",NULL,67.7587,10,17,NULL,201707262100,189,82,"Baix Empordà"
528,172333,"Vilobí d'Onyar","32.5966",4.3804,34,17,20130529,201707262100,2718,122,"Selva"
529,172348,"Biure",NULL,7.3487,2,17,NULL,201707262100,236,81,"Alt Empordà"
530,179011,"Cruïlles, Monells i Sant Sadurní de l'Heura",NULL,11.1065,10,17,NULL,201801011500,1271,110,"Baix Empordà"
531,179026,"Forallac","50.1778",4.25,10,17,20150730,201707262100,1746,51,"Baix Empordà"
532,179032,"Sant Julià del Llor i Bonmatí","9.6539",NULL,34,17,20141022,201707262100,1093,160,"Selva"
533,250019,"Abella de la Conca",NULL,7.2556,25,25,NULL,201707262100,186,956,"Pallars Jussà"
534,250024,"Àger",NULL,14.6436,23,25,NULL,201707262100,491,642,"Noguera"
535,250030,"Agramunt",NULL,17.2,38,25,NULL,201707262100,5459,337,"Urgell"
536,250045,"els Alamús",NULL,7.9567,33,25,NULL,201707262100,701,212,"Segrià"
537,250058,"Alàs i Cerc",NULL,48.8961,4,25,NULL,201707262100,404,768,"Alt Urgell"
538,250061,"l'Albagés","26.12",30.086,18,25,20100311,201707262100,492,372,"Garrigues"
539,250077,"Albatàrrec",NULL,50.9116,33,25,NULL,201707262100,1519,147,"Segrià"
540,250083,"Albesa",NULL,5.4819,23,25,NULL,201707262100,1587,237,"Noguera"
541,250096,"l'Albi","32.71",25.0131,18,25,20091007,201707262100,811,526,"Garrigues"
542,250100,"Alcanó",NULL,9.6912,33,25,NULL,201707262100,253,214,"Segrià"
543,250117,"Alcarràs",NULL,34.47,33,25,NULL,201707262100,5970,137,"Segrià"
544,250122,"Alcoletge",NULL,48.1929,33,25,NULL,201707262100,2239,213,"Segrià"
545,250138,"Alfarràs",NULL,2.2702,33,25,NULL,201707262100,3274,281,"Segrià"
546,250143,"Alfés",NULL,5.5729,33,25,NULL,201707262100,321,236,"Segrià"
547,250156,"Algerri","54.4168",13.1863,23,25,20140212,201707262100,467,345,"Noguera"
548,250169,"Alguaire",NULL,64.28,33,25,NULL,201707262100,3088,304,"Segrià"
549,250175,"Alins",NULL,6.14,26,25,NULL,201707262100,251,1048,"Pallars Sobirà"
550,250194,"Almacelles",NULL,15.5161,33,25,NULL,201707262100,6088,247,"Segrià"
551,250208,"Almatret",NULL,NULL,33,25,NULL,201707262100,443,462,"Segrià"
552,250215,"Almenar",NULL,50.1778,33,25,NULL,201707262100,3576,329,"Segrià"
553,250220,"Alòs de Balaguer","69.0765",24.9817,23,25,20140212,201707262100,174,297,"Noguera"
554,250236,"Alpicat",NULL,11.8341,33,25,NULL,201707262100,5362,264,"Segrià"
555,250241,"Alt Àneu",NULL,62.17,26,25,NULL,201707262100,457,1076,"Pallars Sobirà"
556,250254,"Naut Aran",NULL,50.7127,39,25,NULL,201707262100,1732,1267,"Val d'Aran"
557,250273,"Anglesola","23.6724",57.4533,38,25,20150429,201707262100,1303,335,"Urgell"
558,250292,"Arbeca","58.22",8.3865,18,25,20100311,201707262100,2512,332,"Garrigues"
559,250306,"el Pont de Bar",NULL,26.12,4,25,NULL,201707262100,193,861,"Alt Urgell"
560,250313,"Arres",NULL,5.5559,39,25,NULL,201707262100,61,1224,"Val d'Aran"
561,250328,"Arsèguel",NULL,48.9722,4,25,NULL,201707262100,100,950,"Alt Urgell"
562,250334,"Artesa de Lleida",NULL,8.8699,33,25,NULL,201707262100,1451,202,"Segrià"
563,250349,"Artesa de Segre",NULL,56.4375,23,25,NULL,201707262100,3696,318,"Noguera"
564,250352,"la Sentiu de Sió","29.5442",66.7523,23,25,20140514,201707262100,478,281,"Noguera"
565,250365,"Aspa",NULL,69.0765,33,25,NULL,201707262100,269,256,"Segrià"
566,250371,"les Avellanes i Santa Linya","102.9248",15.2979,23,25,20150429,201707262100,469,567,"Noguera"
567,250387,"Aitona","66.8271",218.0592,33,25,20170426,201707262100,2370,110,"Segrià"
568,250390,"Baix Pallars",NULL,255.9585,26,25,NULL,201707262100,381,591,"Pallars Sobirà"
569,250404,"Balaguer","57.0716",23.6724,23,25,20170726,201707262100,15769,233,"Noguera"
570,250411,"Barbens","7.7837",58.22,27,25,20150730,201707262100,828,283,"Pla d'Urgell"
571,250426,"la Baronia de Rialb",NULL,43.5164,23,25,NULL,201707262100,281,388,"Noguera"
572,250432,"la Vall de Boí",NULL,5.4867,5,25,NULL,201707262100,1079,1111,"Alta Ribagorça"
573,250447,"Bassella",NULL,10.0507,4,25,NULL,201707262100,256,423,"Alt Urgell"
574,250450,"Bausen",NULL,102.9248,39,25,NULL,201707262100,52,931,"Val d'Aran"
575,250463,"Belianes","15.7697",66.8271,38,25,20150128,201707262100,592,373,"Urgell"
576,250479,"Bellcaire d'Urgell","31.1603",129.3642,23,25,20130529,201707262100,1295,267,"Noguera"
577,250485,"Bell-lloc d'Urgell","35.1622",16.8747,27,25,20150730,201707262100,2326,196,"Pla d'Urgell"
578,250498,"Bellmunt d'Urgell","5.0475",6.0506,23,25,20131016,201707262100,225,379,"Noguera"
579,250501,"Bellpuig","35.0176",16.8193,38,25,20150429,201707262100,4454,308,"Urgell"
580,250518,"Bellver de Cerdanya",NULL,57.0716,15,25,NULL,201707262100,1906,1061,"Cerdanya"
581,250523,"Bellvís","46.4131",32.5966,27,25,20141022,201707262100,2360,207,"Pla d'Urgell"
582,250539,"Benavent de Segrià",NULL,10.0273,33,25,NULL,201707262100,1249,234,"Segrià"
583,250557,"Biosca","66.03",9.6539,32,25,20101117,201707262100,228,455,"Segarra"
584,250560,"Bovera","33.22",77.9623,18,25,20100311,201707262100,371,297,"Garrigues"
585,250576,"Es Bòrdes",NULL,160.2026,39,25,NULL,201707262100,247,852,"Val d'Aran"
586,250582,"les Borges Blanques","61.66",79.4676,18,25,20091007,201707262100,5606,304,"Garrigues"
587,250595,"Bossòst",NULL,20.3222,39,25,NULL,201707262100,1043,710,"Val d'Aran"
588,250609,"Cabanabona","14.1600",79.5449,23,25,20160505,201707262100,115,421,"Noguera"
589,250616,"Cabó",NULL,10.685,4,25,NULL,201707262100,104,768,"Alt Urgell"
590,250621,"Camarasa","157.6142",38.0041,23,25,20170726,201707262100,931,321,"Noguera"
591,250637,"Canejan",NULL,32.71,39,25,NULL,201707262100,104,906,"Val d'Aran"
592,250642,"Castellar de la Ribera","60.2617",21.1876,35,25,20170726,201707262100,162,657,"Solsonès"
593,250674,"Castelldans","64.32",114.8497,18,25,20100311,201707262100,1004,353,"Garrigues"
594,250680,"Castellnou de Seana","16.3091",157.6142,27,25,20150730,201707262100,750,269,"Pla d'Urgell"
595,250693,"Castelló de Farfanya","52.6274",48.2435,23,25,20130529,201707262100,564,358,"Noguera"
596,250707,"Castellserà",NULL,60.2617,38,25,NULL,201707262100,1128,267,"Urgell"
597,250714,"Cava",NULL,64.32,4,25,NULL,201707262100,56,1335,"Alt Urgell"
598,250729,"Cervera","55.1981",16.3091,32,25,20160505,201707262100,9305,548,"Segarra"
599,250735,"Cervià de les Garrigues","34.04",16.4673,18,25,20091007,201707262100,873,444,"Garrigues"
600,250740,"Ciutadilla","16.47",97.5761,38,25,20111214,201707262100,223,519,"Urgell"
601,250753,"Clariana de Cardener",NULL,21.1392,35,25,NULL,201707262100,146,500,"Solsonès"
602,250766,"el Cogul","17.47",8.3882,18,25,20100311,201707262100,211,279,"Garrigues"
603,250772,"Coll de Nargó",NULL,16.3327,4,25,NULL,201707262100,618,573,"Alt Urgell"
604,250788,"Corbins",NULL,20.9854,33,25,NULL,201707262100,1347,211,"Segrià"
605,250791,"Cubells","39.0530",61.8121,23,25,20140514,201707262100,401,499,"Noguera"
606,250812,"l'Espluga Calba","21.45",5.61,18,25,20091007,201707262100,452,434,"Garrigues"
607,250827,"Espot",NULL,11.304,26,25,NULL,201707262100,360,1318,"Pallars Sobirà"
608,250851,"Estaràs","21.1392",32.175,32,25,20141022,201707262100,184,596,"Segarra"
609,250864,"Esterri d'Àneu",NULL,54.4168,26,25,NULL,201707262100,803,957,"Pallars Sobirà"
610,250870,"Esterri de Cardós",NULL,50.4327,26,25,NULL,201707262100,69,1212,"Pallars Sobirà"
611,250886,"Estamariu",NULL,182.7849,4,25,NULL,201707262100,117,1084,"Alt Urgell"
612,250899,"Farrera",NULL,11.608,26,25,NULL,201707262100,104,1294,"Pallars Sobirà"
613,250925,"la Floresta","5.61",10.4938,18,25,20091007,201707262100,185,316,"Garrigues"
614,250931,"Fondarella",NULL,24.2265,27,25,NULL,201707262100,783,243,"Pla d'Urgell"
615,250946,"Foradada","28.9070",176.0393,23,25,20141022,201707262100,197,455,"Noguera"
616,250962,"la Fuliola","11.1294",29.5442,38,25,20141022,201707262100,1235,275,"Urgell"
617,250978,"Fulleda","16.33",7.7837,18,25,20091007,201707262100,115,581,"Garrigues"
618,250984,"Gavet de la Conca",NULL,145.0758,25,25,NULL,201707262100,309,421,"Pallars Jussà"
619,250997,"Golmés",NULL,219.677,27,25,NULL,201707262100,1560,275,"Pla d'Urgell"
620,251001,"Gósol","56.29",70.8257,14,25,20060719,201707262100,221,1423,"Berguedà"
621,251018,"la Granadella","82.9780",5.4356,18,25,20160505,201707262100,774,528,"Garrigues"
622,251023,"la Granja d'Escarp",NULL,28.907,33,25,NULL,201707262100,1042,78,"Segrià"
623,251039,"Granyanella","23.9753",17.8557,32,25,20160505,201707262100,172,508,"Segarra"
624,251044,"Granyena de Segarra","16.5786",15.7697,32,25,20150730,201707262100,149,636,"Segarra"
625,251057,"Granyena de les Garrigues","20.30",31.1603,18,25,20100311,201707262100,176,366,"Garrigues"
626,251095,"Guimerà","25.3705",35.1622,38,25,20130529,201707262100,344,555,"Urgell"
627,251109,"Guissona","18.2944",47.33,32,25,20170726,201707262100,5139,484,"Segarra"
628,251116,"Guixers","65.6687",212.1283,35,25,20130529,201707262100,137,840,"Solsonès"
629,251121,"Ivars de Noguera",NULL,5.0475,23,25,NULL,201707262100,357,314,"Noguera"
630,251137,"Ivars d'Urgell","24.1681",35.0176,27,25,20160505,201707262100,1858,265,"Pla d'Urgell"
631,251142,"Ivorra","15.3178",97.9346,32,25,20140212,201707262100,144,567,"Segarra"
632,251155,"Isona i Conca Dellà",NULL,46.4131,25,25,NULL,201707262100,1139,659,"Pallars Jussà"
633,251180,"Juncosa","76.7109",7.4589,18,25,20141022,201707262100,546,575,"Garrigues"
634,251193,"Juneda","47.33",66.03,18,25,20100722,201707262100,3264,264,"Garrigues"
635,251207,"Lleida",NULL,33.22,33,25,NULL,201707262100,125677,155,"Segrià"
636,251214,"Les",NULL,21.3971,39,25,NULL,201707262100,903,634,"Val d'Aran"
637,251229,"Linyola","28.8176",61.66,27,25,20131016,201707262100,2583,248,"Pla d'Urgell"
638,251235,"Lladorre",NULL,31.5338,26,25,NULL,201707262100,211,1052,"Pallars Sobirà"
639,251240,"Lladurs","127.9914",27.8638,35,25,20170726,201707262100,207,834,"Solsonès"
640,251253,"Llardecans",NULL,14.16,33,25,NULL,201707262100,562,397,"Segrià"
641,251266,"Llavorsí",NULL,52.6274,26,25,NULL,201707262100,334,811,"Pallars Sobirà"
642,251272,"Lles de Cerdanya",NULL,114.4205,15,25,NULL,201707262100,227,1471,"Cerdanya"
643,251288,"Llimiana",NULL,32.1353,25,25,NULL,201707262100,158,790,"Pallars Jussà"
644,251291,"Llobera",NULL,86.1095,35,25,NULL,201707262100,222,855,"Solsonès"
645,251305,"Maldà","31.5338",54.709,38,25,20150128,201707262100,285,428,"Urgell"
646,251312,"Massalcoreig",NULL,15.8668,33,25,NULL,201707262100,635,94,"Segrià"
647,251327,"Massoteres","26.1350",40.9059,32,25,20140212,201707262100,225,502,"Segarra"
648,251333,"Maials",NULL,55.1981,33,25,NULL,201707262100,973,395,"Segrià"
649,251348,"Menàrguens","20.5354",34.04,23,25,20141022,201707262100,863,205,"Noguera"
650,251351,"Miralcamp",NULL,16.47,27,25,NULL,201707262100,1310,287,"Pla d'Urgell"
651,251364,"la Molsosa",NULL,40.962,35,25,NULL,201707262100,127,667,"Solsonès"
652,251370,"Mollerussa",NULL,17.47,27,25,NULL,201707262100,12569,250,"Pla d'Urgell"
653,251386,"Montgai","29.1300",152.4243,23,25,20140514,201707262100,772,286,"Noguera"
654,251399,"Montellà i Martinet",NULL,21.2842,15,25,NULL,201707262100,606,967,"Cerdanya"
655,251403,"Montferrer i Castellbò",NULL,39.053,4,25,NULL,201707262100,944,732,"Alt Urgell"
656,251410,"Montoliu de Segarra","29.4517",21.45,32,25,20150730,201707262100,186,689,"Segarra"
657,251425,"Montoliu de Lleida",NULL,11.1294,33,25,NULL,201707262100,498,166,"Segrià"
658,251431,"Montornès de Segarra","12.1342",16.33,32,25,20160505,201707262100,105,605,"Segarra"
659,251459,"Nalec","9.67",91.1632,38,25,20111214,201707262100,102,487,"Urgell"
660,251462,"Navès",NULL,16.7503,35,25,NULL,201801011500,262,610,"Solsonès"
661,251484,"Odèn","114.4205",56.29,35,25,20150730,201707262100,275,1130,"Solsonès"
662,251497,"Oliana",NULL,82.978,4,25,NULL,201707262100,1939,469,"Alt Urgell"
663,251500,"Oliola",NULL,38.5377,23,25,NULL,201707262100,246,452,"Noguera"
664,251517,"Olius",NULL,23.9753,35,25,NULL,201707262100,686,742,"Solsonès"
665,251522,"les Oluges","19.08",16.5786,32,25,20100722,201707262100,174,528,"Segarra"
666,251538,"els Omellons","11.01",20.3,18,25,20091007,201707262100,252,385,"Garrigues"
667,251543,"els Omells de na Gaia","13.0077",25.3705,38,25,20131016,201707262100,159,560,"Urgell"
668,251556,"Organyà",NULL,18.2944,4,25,NULL,201707262100,961,558,"Alt Urgell"
669,251569,"Os de Balaguer",NULL,65.6687,23,25,NULL,201707262100,924,463,"Noguera"
670,251575,"Ossó de Sió",NULL,26.9577,38,25,NULL,201801011500,236,391,"Urgell"
671,251581,"el Palau d'Anglesola",NULL,24.1681,27,25,NULL,201707262100,1883,250,"Pla d'Urgell"
672,251615,"Conca de Dalt",NULL,15.3178,25,25,NULL,201707262100,428,507,"Pallars Jussà"
673,251636,"la Coma i la Pedra","60.7274",139.5426,35,25,20170726,201707262100,253,1004,"Solsonès"
674,251641,"Penelles","25.4599",76.7109,23,25,20170726,201707262100,525,276,"Noguera"
675,251654,"Peramola",NULL,23.0942,4,25,NULL,201707262100,377,566,"Alt Urgell"
676,251667,"Pinell de Solsonès","90.5631",28.8176,35,25,20170726,201707262100,204,800,"Solsonès"
677,251673,"Pinós",NULL,147.8495,35,25,NULL,201707262100,322,823,"Solsonès"
678,251689,"el Poal","8.86",127.9914,27,25,20101215,201707262100,660,216,"Pla d'Urgell"
679,251692,"la Pobla de Cérvoles","61.98",66.1374,18,25,20100311,201707262100,250,663,"Garrigues"
680,251706,"Bellaguarda",NULL,68.5687,18,25,NULL,201707262100,352,640,"Garrigues"
681,251713,"la Pobla de Segur",NULL,102.6372,25,25,NULL,201707262100,3050,524,"Pallars Jussà"
682,251728,"Ponts",NULL,41.5862,23,25,NULL,201707262100,2567,363,"Noguera"
683,251734,"el Pont de Suert",NULL,38.9701,5,25,NULL,201707262100,2317,838,"Alta Ribagorça"
684,251749,"la Portella",NULL,13.6349,33,25,NULL,201707262100,796,259,"Segrià"
685,251752,"Prats i Sansor",NULL,26.135,15,25,NULL,201707262100,226,1124,"Cerdanya"
686,251765,"Preixana","21.3445",57.1292,38,25,20140514,201707262100,422,328,"Urgell"
687,251771,"Preixens",NULL,20.5354,23,25,NULL,201707262100,514,315,"Noguera"
688,251790,"Prullans","21.1360",14.89,15,25,20170426,201707262100,224,1096,"Cerdanya"
689,251804,"Puiggròs","9.83",26.8295,18,25,20100311,201707262100,298,334,"Garrigues"
690,251811,"Puigverd d'Agramunt",NULL,3.5982,38,25,NULL,201707262100,268,366,"Urgell"
691,251826,"Puigverd de Lleida",NULL,6.9739,33,25,NULL,201707262100,1259,219,"Segrià"
692,251832,"Rialp",NULL,29.13,26,25,NULL,201707262100,649,725,"Pallars Sobirà"
693,251850,"Ribera d'Urgellet",NULL,55.1906,4,25,NULL,201707262100,971,702,"Alt Urgell"
694,251863,"Riner","47.5771",177.1654,35,25,20170726,201707262100,274,611,"Solsonès"
695,251898,"Rosselló",NULL,29.4517,33,25,NULL,201707262100,2478,252,"Segrià"
696,251902,"Salàs de Pallars",NULL,13.0077,25,25,NULL,201707262100,330,573,"Pallars Jussà"
697,251919,"Sanaüja","32.9353",12.5933,32,25,20140514,201707262100,448,409,"Segarra"
698,251924,"Sant Guim de Freixenet","25.1481",7.3397,32,25,20140514,201707262100,1057,738,"Segarra"
699,251930,"Sant Llorenç de Morunys","4.5941",136.0013,35,25,20170726,201707262100,950,925,"Solsonès"
700,251945,"Sant Ramon","18.8603",26.0853,32,25,20140212,201707262100,565,641,"Segarra"
701,251961,"Sant Esteve de la Sarga",NULL,15.535,25,25,NULL,201707262100,155,875,"Pallars Jussà"
702,251977,"Sant Guim de la Plana","12.3157",12.1342,32,25,20130529,201707262100,199,556,"Segarra"
703,252000,"Sarroca de Lleida",NULL,9.67,33,25,NULL,201707262100,446,201,"Segrià"
704,252017,"Sarroca de Bellera",NULL,145.013,25,25,NULL,201707262100,142,1002,"Pallars Jussà"
705,252022,"Senterada",NULL,19.08,25,25,NULL,201707262100,126,729,"Pallars Jussà"
706,252038,"la Seu d'Urgell",NULL,11.01,4,25,NULL,201707262100,12533,691,"Alt Urgell"
707,252043,"Seròs",NULL,12.3433,33,25,NULL,201707262100,1909,103,"Segrià"
708,252056,"Sidamon",NULL,165.7046,27,25,NULL,201707262100,688,232,"Pla d'Urgell"
709,252069,"el Soleràs","12.62",60.7274,18,25,20100311,201707262100,382,381,"Garrigues"
710,252075,"Solsona","17.70",25.4599,35,25,20050620,201707262100,8823,664,"Solsonès"
711,252081,"Soriguera",NULL,55.8335,26,25,NULL,201707262100,337,1192,"Pallars Sobirà"
712,252094,"Sort",NULL,90.5631,26,25,NULL,201707262100,2238,692,"Pallars Sobirà"
713,252108,"Soses",NULL,104.2368,33,25,NULL,201707262100,1643,118,"Segrià"
714,252115,"Sudanell",NULL,8.86,33,25,NULL,201707262100,805,152,"Segrià"
715,252120,"Sunyer",NULL,61.98,33,25,NULL,201707262100,283,211,"Segrià"
716,252154,"Talarn",NULL,20.3388,25,25,NULL,201707262100,339,572,"Pallars Jussà"
717,252167,"Talavera","30.6059",33.6166,32,25,20150730,201707262100,303,791,"Segarra"
718,252173,"Tàrrega","87.9464",30.7315,38,25,20160505,201707262100,15155,373,"Urgell"
719,252189,"Tarrés","13.08",148.3836,18,25,20100311,201707262100,111,578,"Garrigues"
720,252192,"Tarroja de Segarra","7.9022",11.7129,32,25,20131016,201707262100,175,460,"Segarra"
721,252206,"Térmens","27.5768",28.7537,23,25,20140514,201707262100,1531,208,"Noguera"
722,252213,"Tírvia",NULL,21.136,26,25,NULL,201707262100,120,991,"Pallars Sobirà"
723,252228,"Tiurana","15.6130",9.83,23,25,20160505,201707262100,48,387,"Noguera"
724,252234,"Torà",NULL,21.2221,32,25,NULL,201707262100,1327,448,"Segarra"
725,252249,"els Torms",NULL,12.4195,18,25,NULL,201707262100,189,476,"Garrigues"
726,252252,"Tornabous","20.0979",63.1583,38,25,20140212,201707262100,823,289,"Urgell"
727,252265,"Torrebesses",NULL,106.8463,33,25,NULL,201707262100,305,287,"Segrià"
728,252271,"la Torre de Cabdella",NULL,47.5771,25,25,NULL,201707262100,722,1075,"Pallars Jussà"
729,252287,"Torrefarrera",NULL,9.9433,33,25,NULL,201707262100,3051,214,"Segrià"
730,252304,"Torregrossa",NULL,20.441,27,25,NULL,201707262100,2302,232,"Pla d'Urgell"
731,252311,"Torrelameu",NULL,32.9353,23,25,NULL,201707262100,628,201,"Noguera"
732,252326,"Torres de Segre",NULL,25.1481,33,25,NULL,201707262100,2054,119,"Segrià"
733,252332,"Torre-serona",NULL,4.5941,33,25,NULL,201707262100,341,197,"Segrià"
734,252347,"Tremp",NULL,8.1517,25,25,NULL,201707262100,5401,468,"Pallars Jussà"
735,252385,"Vallbona de les Monges","34.3328",12.62,38,25,20131016,201707262100,247,481,"Urgell"
736,252398,"les Valls de Valira",NULL,17.7,4,25,NULL,201707262100,744,740,"Alt Urgell"
737,252402,"Vallfogona de Balaguer","27.1067",106.0372,23,25,20131016,201707262100,1601,235,"Noguera"
738,252424,"Verdú","35.8426",105.1781,38,25,20160505,201707262100,1027,434,"Urgell"
739,252430,"Vielha e Mijaran",NULL,30.1623,39,25,NULL,201707262100,5239,974,"Val d'Aran"
740,252445,"Vilagrassa","19.6712",8.5751,38,25,20131016,201707262100,467,355,"Urgell"
741,252458,"Vilaller",NULL,35.0383,5,25,NULL,201707262100,678,981,"Alta Ribagorça"
742,252477,"Vilamòs",NULL,6.0818,39,25,NULL,201707262100,173,1255,"Val d'Aran"
743,252483,"Vilanova de Bellpuig","13.9051",8.1684,27,25,20130529,201707262100,1100,290,"Pla d'Urgell"
744,252496,"Vilanova de l'Aguda",NULL,43.2256,23,25,NULL,201707262100,246,409,"Noguera"
745,252509,"Vilanova de Meià",NULL,12.3132,23,25,NULL,201707262100,432,633,"Noguera"
746,252516,"Vilanova de Segrià","8.3979",12.4924,33,25,20170726,201707262100,809,255,"Segrià"
747,252521,"Vila-sana","18.9870",28.2452,27,25,20150730,201707262100,611,249,"Pla d'Urgell"
748,252537,"el Vilosell","18.84",30.6059,18,25,20091007,201707262100,202,665,"Garrigues"
749,252542,"Vilanova de la Barca",NULL,87.9464,33,25,NULL,201707262100,1122,195,"Segrià"
750,252555,"Vinaixa","37.47",13.08,18,25,20091007,201707262100,604,479,"Garrigues"
751,259010,"Vall de Cardós",NULL,7.9022,26,25,NULL,201707262100,393,898,"Pallars Sobirà"
752,259025,"Sant Martí de Riucorb","34.8275",27.5768,38,25,20150128,201707262100,709,409,"Urgell"
753,259031,"la Guingueta d'Àneu",NULL,8.5204,26,25,NULL,201707262100,360,919,"Pallars Sobirà"
754,259046,"Castell de Mur",NULL,15.613,25,25,NULL,201707262100,163,532,"Pallars Jussà"
755,259059,"Ribera d'Ondara","54.2487",93.3568,32,25,20160505,201707262100,476,570,"Segarra"
756,259062,"les Valls d'Aguilar",NULL,8.3503,4,25,NULL,201707262100,314,669,"Alt Urgell"
757,259078,"Torrefeta i Florejacs",NULL,34.6774,32,25,NULL,201707262100,650,475,"Segarra"
758,259084,"Fígols i Alinyà",NULL,13.5075,4,25,NULL,201707262100,254,602,"Alt Urgell"
759,259097,"la Vansa i Fórnols",NULL,20.0979,4,25,NULL,201707262100,196,989,"Alt Urgell"
760,259101,"Josa i Tuixén",NULL,27.7061,4,25,NULL,201707262100,176,1206,"Alt Urgell"
761,259118,"els Plans de Sió",NULL,165.4219,32,25,NULL,201801011500,570,412,"Segarra"
762,259123,"Gimenells i el Pla de la Font",NULL,23.4442,33,25,NULL,201707262100,1118,258,"Segrià"
763,259139,"Riu de Cerdanya","12.34",40.4765,15,25,20040325,201707262100,94,1173,"Cerdanya"
764,430017,"Aiguamúrcia",NULL,10.7779,1,43,NULL,201707262100,797,314,"Alt Camp"
765,430022,"Albinyana",NULL,50.8525,12,43,NULL,201707262100,2140,198,"Baix Penedès"
766,430038,"l'Albiol",NULL,5.8821,8,43,NULL,201707262100,348,823,"Baix Camp"
767,430043,"Alcanar",NULL,302.5473,22,43,NULL,201707262100,9620,72,"Montsià"
768,430056,"Alcover",NULL,34.3328,1,43,NULL,201707262100,4500,243,"Alt Camp"
769,430069,"Aldover",NULL,171.0223,9,43,NULL,201707262100,893,14,"Baix Ebre"
770,430075,"l'Aleixar",NULL,27.1067,8,43,NULL,201801011500,815,262,"Baix Camp"
771,430081,"Alfara de Carles",NULL,35.8426,9,43,NULL,201707262100,341,334,"Baix Ebre"
772,430094,"Alforja",NULL,211.516,8,43,NULL,201707262100,1584,374,"Baix Camp"
773,430108,"Alió",NULL,19.6712,1,43,NULL,201707262100,376,263,"Alt Camp"
774,430115,"Almoster",NULL,59.1628,8,43,NULL,201801011500,1241,290,"Baix Camp"
775,430120,"Altafulla",NULL,15.4505,36,43,NULL,201707262100,4274,52,"Tarragonès"
776,430136,"l'Ametlla de Mar",NULL,13.9051,9,43,NULL,201707262100,6744,19,"Baix Ebre"
777,430141,"Amposta",NULL,53.3471,22,43,NULL,201707262100,19142,8,"Montsià"
778,430154,"Arbolí",NULL,21.3886,8,43,NULL,201707262100,105,714,"Baix Camp"
779,430167,"l'Arboç",NULL,37.47,12,43,NULL,201707262100,4802,166,"Baix Penedès"
780,430173,"l'Argentera",NULL,56.3963,8,43,NULL,201707262100,155,344,"Baix Camp"
781,430189,"Arnes",NULL,34.8275,37,43,NULL,201707262100,510,506,"Terra Alta"
782,430192,"Ascó","73.5257",108.1895,30,43,20160727,201707262100,1602,70,"Ribera d'Ebre"
783,430206,"Banyeres del Penedès",NULL,62.6487,12,43,NULL,201707262100,2557,173,"Baix Penedès"
784,430213,"Barberà de la Conca",NULL,54.2487,16,43,NULL,201707262100,503,475,"Conca de Barberà"
785,430228,"Batea",NULL,123.6072,37,43,NULL,201707262100,2106,376,"Terra Alta"
786,430234,"Bellmunt del Priorat",NULL,88.9394,29,43,NULL,201707262100,324,261,"Priorat"
787,430249,"Bellvei",NULL,101.8868,12,43,NULL,201707262100,1748,108,"Baix Penedès"
788,430252,"Benifallet",NULL,106.0623,9,43,NULL,201707262100,790,19,"Baix Ebre"
789,430265,"Benissanet",NULL,68.4706,30,43,NULL,201707262100,1205,26,"Ribera d'Ebre"
790,430271,"la Bisbal de Falset",NULL,55.8378,29,43,NULL,201707262100,266,372,"Priorat"
791,430287,"la Bisbal del Penedès",NULL,55.7531,12,43,NULL,201707262100,2815,189,"Baix Penedès"
792,430290,"Blancafort","14.5340",12.34,16,43,20160505,201707262100,414,428,"Conca de Barberà"
793,430304,"Bonastre",NULL,72.7721,12,43,NULL,201707262100,534,177,"Baix Penedès"
794,430311,"les Borges del Camp",NULL,19.5728,8,43,NULL,201707262100,1914,238,"Baix Camp"
795,430326,"Bot",NULL,20.3042,37,43,NULL,201707262100,736,286,"Terra Alta"
796,430332,"Botarell",NULL,46.9437,8,43,NULL,201707262100,963,196,"Baix Camp"
797,430347,"Bràfim",NULL,46.1975,1,43,NULL,201707262100,650,236,"Alt Camp"
798,430350,"Cabacés",NULL,20.2063,29,43,NULL,201707262100,342,358,"Priorat"
799,430363,"Cabra del Camp",NULL,26.1145,1,43,NULL,201707262100,944,493,"Alt Camp"
800,430379,"Calafell",NULL,63.9302,12,43,NULL,201707262100,20521,67,"Baix Penedès"
801,430385,"Cambrils",NULL,7.2374,8,43,NULL,201707262100,27848,24,"Baix Camp"
802,430398,"Capafonts",NULL,6.0016,8,43,NULL,201707262100,114,751,"Baix Camp"
803,430402,"Capçanes",NULL,6.8648,29,43,NULL,201707262100,408,223,"Priorat"
804,430419,"Caseres",NULL,67.0399,37,43,NULL,201707262100,311,324,"Terra Alta"
805,430424,"Castellvell del Camp","5.1713",138.501,8,43,20160505,201707262100,2474,219,"Baix Camp"
806,430430,"el Catllar",NULL,20.6898,36,43,NULL,201801011500,3519,59,"Tarragonès"
807,430445,"la Sénia",NULL,14.2981,22,43,NULL,201707262100,5976,369,"Montsià"
808,430458,"Colldejou",NULL,10.0251,8,43,NULL,201707262100,190,431,"Baix Camp"
809,430461,"Conesa","29.0404",42.756,16,43,20170426,201707262100,141,705,"Conca de Barberà"
810,430477,"Constantí",NULL,73.5257,36,43,NULL,201801011500,5813,81,"Tarragonès"
811,430483,"Corbera d'Ebre",NULL,12.2365,37,43,NULL,201707262100,1128,337,"Terra Alta"
812,430496,"Cornudella de Montsant",NULL,26.1881,29,43,NULL,201707262100,979,533,"Priorat"
813,430509,"Creixell",NULL,128.4673,36,43,NULL,201707262100,2758,48,"Tarragonès"
814,430516,"Cunit",NULL,8.8904,12,43,NULL,201707262100,10033,10,"Baix Penedès"
815,430521,"Xerta",NULL,8.2898,9,43,NULL,201707262100,1278,12,"Baix Ebre"
816,430537,"Duesaigües",NULL,62.4843,8,43,NULL,201707262100,211,268,"Baix Camp"
817,430542,"l'Espluga de Francolí",NULL,23.044,16,43,NULL,201707262100,3857,411,"Conca de Barberà"
818,430555,"Falset",NULL,14.0473,29,43,NULL,201707262100,2717,364,"Priorat"
819,430568,"la Fatarella",NULL,32.5361,37,43,NULL,201707262100,1160,487,"Terra Alta"
820,430574,"la Febró",NULL,11.9335,8,43,NULL,201707262100,58,754,"Baix Camp"
821,430580,"la Figuera",NULL,13.5822,29,43,NULL,201707262100,165,576,"Priorat"
822,430593,"Figuerola del Camp",NULL,56.5179,1,43,NULL,201707262100,336,474,"Alt Camp"
823,430607,"Flix",NULL,31.8485,30,43,NULL,201707262100,3960,47,"Ribera d'Ebre"
824,430614,"Forès","16.1481",56.7379,16,43,20170426,201707262100,57,866,"Conca de Barberà"
825,430629,"Freginals",NULL,16.0565,22,43,NULL,201707262100,444,126,"Montsià"
826,430635,"la Galera",NULL,18.9171,22,43,NULL,201707262100,824,112,"Montsià"
827,430640,"Gandesa",NULL,6.3476,37,43,NULL,201707262100,3091,363,"Terra Alta"
828,430653,"Garcia",NULL,31.2285,30,43,NULL,201707262100,534,73,"Ribera d'Ebre"
829,430666,"els Garidells",NULL,27.0268,1,43,NULL,201707262100,196,132,"Alt Camp"
830,430672,"Ginestar",NULL,20.3065,30,43,NULL,201707262100,965,26,"Ribera d'Ebre"
831,430688,"Godall",NULL,35.2088,22,43,NULL,201707262100,771,168,"Montsià"
832,430691,"Gratallops",NULL,22.4595,29,43,NULL,201707262100,246,321,"Priorat"
833,430705,"els Guiamets",NULL,116.8847,29,43,NULL,201707262100,330,226,"Priorat"
834,430712,"Horta de Sant Joan",NULL,16.1481,37,43,NULL,201707262100,1238,542,"Terra Alta"
835,430727,"el Lloar",NULL,17.4445,29,43,NULL,201707262100,111,219,"Priorat"
836,430733,"Llorac","23.1376",27.4056,16,43,20150730,201707262100,116,648,"Conca de Barberà"
837,430748,"Llorenç del Penedès",NULL,71.3024,12,43,NULL,201707262100,2073,162,"Baix Penedès"
838,430751,"Margalef",NULL,52.2597,29,43,NULL,201707262100,128,379,"Priorat"
839,430764,"Marçà",NULL,3.0076,29,43,NULL,201707262100,653,315,"Priorat"
840,430770,"Mas de Barberans",NULL,15.6375,22,43,NULL,201707262100,679,348,"Montsià"
841,430786,"Masdenverge",NULL,33.9097,22,43,NULL,201707262100,1077,54,"Montsià"
842,430799,"Masllorenç",NULL,13.494,12,43,NULL,201707262100,500,304,"Baix Penedès"
843,430803,"la Masó",NULL,11.8906,1,43,NULL,201707262100,280,115,"Alt Camp"
844,430810,"Maspujols",NULL,119.2286,8,43,NULL,201707262100,529,214,"Baix Camp"
845,430825,"el Masroig",NULL,6.6665,29,43,NULL,201707262100,538,192,"Priorat"
846,430831,"el Milà",NULL,23.1376,1,43,NULL,201707262100,180,166,"Alt Camp"
847,430846,"Miravet",NULL,13.3536,30,43,NULL,201707262100,796,43,"Ribera d'Ebre"
848,430859,"el Molar",NULL,22.2295,29,43,NULL,201707262100,302,228,"Priorat"
849,430862,"Montblanc",NULL,42.5211,16,43,NULL,201707262100,6767,350,"Conca de Barberà"
850,430884,"Montbrió del Camp",NULL,5.1713,8,43,NULL,201707262100,1774,132,"Baix Camp"
851,430897,"Montferri",NULL,26.3405,1,43,NULL,201707262100,258,229,"Alt Camp"
852,430901,"el Montmell",NULL,108.8745,12,43,NULL,201707262100,1175,429,"Baix Penedès"
853,430918,"Mont-ral",NULL,14.4175,1,43,NULL,201707262100,179,888,"Alt Camp"
854,430923,"Mont-roig del Camp",NULL,29.0404,8,43,NULL,201707262100,9456,120,"Baix Camp"
855,430939,"Móra d'Ebre",NULL,31.0365,30,43,NULL,201707262100,5098,38,"Ribera d'Ebre"
856,430944,"Móra la Nova",NULL,53.0768,30,43,NULL,201707262100,3216,31,"Ribera d'Ebre"
857,430957,"el Morell",NULL,62.9169,36,43,NULL,201707262100,2704,104,"Tarragonès"
858,430960,"la Morera de Montsant",NULL,10.3628,29,43,NULL,201707262100,165,743,"Priorat"
859,430976,"la Nou de Gaià",NULL,9.7674,36,43,NULL,201707262100,449,93,"Tarragonès"
860,430982,"Nulles",NULL,32.4205,1,43,NULL,201707262100,382,231,"Alt Camp"
861,430995,"la Palma d'Ebre",NULL,4.6812,30,43,NULL,201707262100,398,335,"Ribera d'Ebre"
862,431009,"els Pallaresos",NULL,34.7588,36,43,NULL,201707262100,3346,120,"Tarragonès"
863,431016,"Passanant i Belltall","27.7667",16.0854,16,43,20170726,201707262100,174,714,"Conca de Barberà"
864,431021,"Paüls",NULL,78.882,9,43,NULL,201707262100,602,378,"Baix Ebre"
865,431037,"Perafort",NULL,14.6754,36,43,NULL,201707262100,901,125,"Tarragonès"
866,431042,"el Perelló",NULL,3.4614,9,43,NULL,201707262100,2504,142,"Baix Ebre"
867,431055,"les Piles",NULL,6.5399,16,43,NULL,201801011500,196,676,"Conca de Barberà"
868,431068,"el Pinell de Brai",NULL,4.1649,37,43,NULL,201707262100,1112,189,"Terra Alta"
869,431074,"Pira","8.5751",32.5845,16,43,20170426,201707262100,475,385,"Conca de Barberà"
870,431080,"el Pla de Santa Maria",NULL,22.7503,1,43,NULL,201707262100,2009,381,"Alt Camp"
871,431093,"la Pobla de Mafumet",NULL,90.9905,36,43,NULL,201707262100,1465,98,"Tarragonès"
872,431107,"la Pobla de Massaluca",NULL,10.5504,37,43,NULL,201707262100,407,357,"Terra Alta"
873,431114,"la Pobla de Montornès",NULL,19.3517,36,43,NULL,201707262100,2339,56,"Tarragonès"
874,431129,"Poboleda",NULL,72.5421,29,43,NULL,201707262100,353,343,"Priorat"
875,431135,"el Pont d'Armentera",NULL,34.5692,1,43,NULL,201707262100,580,349,"Alt Camp"
876,431140,"Porrera",NULL,63.288,29,43,NULL,201707262100,488,316,"Priorat"
877,431153,"Pradell de la Teixeta",NULL,45.3362,29,43,NULL,201707262100,178,463,"Priorat"
878,431166,"Prades",NULL,15.7262,8,43,NULL,201707262100,622,950,"Baix Camp"
879,431172,"Prat de Comte",NULL,5.9424,37,43,NULL,201707262100,196,363,"Terra Alta"
880,431188,"Pratdip",NULL,53.3381,8,43,NULL,201707262100,715,245,"Baix Camp"
881,431191,"Puigpelat",NULL,4.3075,1,43,NULL,201707262100,829,252,"Alt Camp"
882,431205,"Querol",NULL,10.6381,1,43,NULL,201707262100,416,565,"Alt Camp"
883,431212,"Rasquera",NULL,38.0056,30,43,NULL,201707262100,934,174,"Ribera d'Ebre"
884,431227,"Renau",NULL,13.7905,36,43,NULL,201707262100,93,175,"Tarragonès"
885,431233,"Reus","52.9031",21.6964,8,43,20171213,201801011500,101767,117,"Baix Camp"
886,431248,"la Riba",NULL,5.023,1,43,NULL,201707262100,682,263,"Alt Camp"
887,431251,"Riba-roja d'Ebre",NULL,27.7667,30,43,NULL,201707262100,1353,76,"Ribera d'Ebre"
888,431264,"la Riera de Gaià",NULL,43.7807,36,43,NULL,201707262100,1332,28,"Tarragonès"
889,431270,"Riudecanyes",NULL,9.717,8,43,NULL,201707262100,878,195,"Baix Camp"
890,431286,"Riudecols",NULL,100.7024,8,43,NULL,201707262100,1133,299,"Baix Camp"
891,431299,"Riudoms",NULL,22.4504,8,43,NULL,201801011500,5925,125,"Baix Camp"
892,431303,"Rocafort de Queralt","8.4382",57.1676,16,43,20150730,201707262100,264,566,"Conca de Barberà"
893,431310,"Roda de Berà",NULL,28.7135,36,43,NULL,201707262100,5196,57,"Tarragonès"
894,431325,"Rodonyà",NULL,21.9186,1,43,NULL,201707262100,474,312,"Alt Camp"
895,431331,"Roquetes",NULL,32.5851,9,43,NULL,201707262100,7444,14,"Baix Ebre"
896,431346,"el Rourell",NULL,26.3457,1,43,NULL,201707262100,354,114,"Alt Camp"
897,431359,"Salomó",NULL,36.2166,36,43,NULL,201707262100,439,165,"Tarragonès"
898,431362,"Sant Carles de la Ràpita",NULL,9.5308,22,43,NULL,201707262100,13488,11,"Montsià"
899,431378,"Sant Jaume dels Domenys",NULL,72.0132,12,43,NULL,201707262100,1998,213,"Baix Penedès"
900,431384,"Santa Bàrbara",NULL,51.0384,22,43,NULL,201707262100,3715,79,"Montsià"
901,431397,"Santa Coloma de Queralt",NULL,8.3107,16,43,NULL,201707262100,3035,674,"Conca de Barberà"
902,431401,"Santa Oliva",NULL,8.7651,12,43,NULL,201707262100,2907,101,"Baix Penedès"
903,431418,"Pontils",NULL,17.0456,16,43,NULL,201707262100,139,551,"Conca de Barberà"
904,431423,"Sarral",NULL,19.5074,16,43,NULL,201707262100,1596,467,"Conca de Barberà"
905,431439,"Savallà del Comtat","14.6318",32.3741,16,43,20150429,201707262100,72,825,"Conca de Barberà"
906,431444,"la Secuita",NULL,8.4382,36,43,NULL,201801011500,1269,169,"Tarragonès"
907,431457,"la Selva del Camp",NULL,16.5017,8,43,NULL,201801011500,4983,246,"Baix Camp"
908,431460,"Senan","11.88",8.3512,16,43,20101215,201707262100,46,652,"Conca de Barberà"
909,431476,"Solivella",NULL,137.1046,16,43,NULL,201707262100,630,489,"Conca de Barberà"
910,431482,"Tarragona","58.7760",2.3157,36,43,20160505,201707262100,131158,68,"Tarragonès"
911,431495,"Tivenys",NULL,12.3502,9,43,NULL,201707262100,916,13,"Baix Ebre"
912,431508,"Tivissa",NULL,53.1495,30,43,NULL,201707262100,1788,309,"Ribera d'Ebre"
913,431515,"la Torre de Fontaubella",NULL,24.2833,29,43,NULL,201707262100,134,369,"Priorat"
914,431520,"la Torre de l'Espanyol",NULL,9.4957,30,43,NULL,201707262100,714,164,"Ribera d'Ebre"
915,431536,"Torredembarra",NULL,67.5769,36,43,NULL,201707262100,14044,15,"Tarragonès"
916,431541,"Torroja del Priorat",NULL,52.5791,29,43,NULL,201707262100,142,332,"Priorat"
917,431554,"Tortosa",NULL,14.6318,9,43,NULL,201707262100,34266,12,"Baix Ebre"
918,431567,"Ulldecona",NULL,17.8142,22,43,NULL,201707262100,6229,133,"Montsià"
919,431573,"Ulldemolins",NULL,35.332,29,43,NULL,201707262100,508,650,"Priorat"
920,431589,"Vallclara","13.45",11.88,16,43,20120620,201707262100,108,625,"Conca de Barberà"
921,431592,"Vallfogona de Riucorb","10.93",13.1604,16,43,20101117,201707262100,159,573,"Conca de Barberà"
922,431606,"Vallmoll",NULL,218.462,1,43,NULL,201707262100,1469,161,"Alt Camp"
923,431613,"Valls",NULL,126.7361,1,43,NULL,201707262100,23315,215,"Alt Camp"
924,431628,"Vandellòs i l'Hospitalet de l'Infant",NULL,38.0386,8,43,NULL,201707262100,5134,281,"Baix Camp"
925,431634,"el Vendrell",NULL,13.45,12,43,NULL,201707262100,31953,49,"Baix Penedès"
926,431649,"Vespella de Gaià",NULL,10.93,36,43,NULL,201707262100,339,191,"Tarragonès"
927,431652,"Vilabella",NULL,16.6429,1,43,NULL,201707262100,787,254,"Alt Camp"
928,431665,"Vilallonga del Camp",NULL,55.5822,36,43,NULL,201707262100,1539,124,"Tarragonès"
929,431671,"Vilanova d'Escornalbou",NULL,102.7538,8,43,NULL,201707262100,466,226,"Baix Camp"
930,431687,"Vilanova de Prades","21.64",36.8765,16,43,20120620,201707262100,149,893,"Conca de Barberà"
931,431690,"Vilaplana",NULL,18.057,8,43,NULL,201707262100,584,366,"Baix Camp"
932,431704,"Vila-rodona",NULL,18.1249,1,43,NULL,201707262100,1088,259,"Alt Camp"
933,431711,"Vila-seca",NULL,9.1481,36,43,NULL,201801011500,17305,45,"Tarragonès"
934,431726,"Vilaverd",NULL,17.263,16,43,NULL,201707262100,438,269,"Conca de Barberà"
935,431732,"la Vilella Alta",NULL,21.64,29,43,NULL,201707262100,121,327,"Priorat"
936,431747,"la Vilella Baixa",NULL,23.1037,29,43,NULL,201707262100,198,218,"Priorat"
937,431750,"Vilalba dels Arcs",NULL,33.0633,37,43,NULL,201707262100,720,450,"Terra Alta"
938,431763,"Vimbodí i Poblet",NULL,21.6576,16,43,NULL,201707262100,1052,496,"Conca de Barberà"
939,431779,"Vinebre",NULL,5.1235,30,43,NULL,201707262100,483,34,"Ribera d'Ebre"
940,431785,"Vinyols i els Arcs",NULL,5.5045,8,43,NULL,201707262100,1553,95,"Baix Camp"
941,439018,"Deltebre",NULL,67.1345,9,43,NULL,201707262100,10811,6,"Baix Ebre"
942,439023,"Sant Jaume d'Enveja",NULL,66.2643,22,43,NULL,201707262100,3368,7,"Montsià"
943,439039,"Camarles",NULL,26.5081,9,43,NULL,201707262100,3371,13,"Baix Ebre"
944,439044,"l'Aldea",NULL,35.1977,9,43,NULL,201707262100,3795,9,"Baix Ebre"
945,439057,"Salou",NULL,15.1269,36,43,NULL,201707262100,22162,2,"Tarragonès"
946,439060,"l'Ampolla",NULL,35.6533,9,43,NULL,201707262100,2613,8,"Baix Ebre"
947,439076,"la Canonja",NULL,7.3528,36,43,NULL,201801011500,NULL,NULL,"Tarragonès"
